#
# There is insufficient memory for the Java Runtime Environment to continue.
# Native memory allocation (malloc) failed to allocate 1048576 bytes. Error detail: AllocateHeap
# Possible reasons:
#   The system is out of physical RAM or swap space
#   This process is running with CompressedOops enabled, and the Java Heap may be blocking the growth of the native heap
# Possible solutions:
#   Reduce memory load on the system
#   Increase physical memory or swap space
#   Check if swap backing store is full
#   Decrease Java heap size (-Xmx/-Xms)
#   Decrease number of Java threads
#   Decrease Java thread stack sizes (-Xss)
#   Set larger code cache with -XX:ReservedCodeCacheSize=
#   JVM is running with Zero Based Compressed Oops mode in which the Java heap is
#     placed in the first 32GB address space. The Java Heap base address is the
#     maximum limit for the native heap growth. Please use -XX:HeapBaseMinAddress
#     to set the Java Heap base and to place the Java Heap above 32GB virtual address.
# This output file may be truncated or incomplete.
#
#  Out of Memory Error (allocation.cpp:44), pid=26820, tid=30552
#
# JRE version: OpenJDK Runtime Environment Temurin-21.0.10+7 (21.0.10+7) (build 21.0.10+7-LTS)
# Java VM: OpenJDK 64-Bit Server VM Temurin-21.0.10+7 (21.0.10+7-LTS, mixed mode, sharing, tiered, compressed oops, compressed class ptrs, g1 gc, windows-amd64)
# No core dump will be written. Minidumps are not enabled by default on client versions of Windows
#

---------------  S U M M A R Y ------------

Command Line: --add-modules=ALL-SYSTEM --add-opens=java.base/java.util=ALL-UNNAMED --add-opens=java.base/java.lang=ALL-UNNAMED --add-opens=java.base/sun.nio.fs=ALL-UNNAMED -Declipse.application=org.eclipse.jdt.ls.core.id1 -Dosgi.bundles.defaultStartLevel=4 -Declipse.product=org.eclipse.jdt.ls.core.product -Djava.import.generatesMetadataFilesAtProjectRoot=false -DDetectVMInstallationsJob.disabled=true -Dfile.encoding=utf8 -Xlog:disable -javaagent:c:\Users\sediq\.vscode\extensions\redhat.java-1.54.0-win32-x64\lombok\lombok-1.18.39-4050.jar -XX:+HeapDumpOnOutOfMemoryError -XX:HeapDumpPath=c:\Users\sediq\AppData\Roaming\Code\User\workspaceStorage\4a1410d75520b168f98344a0295b6722\redhat.java -Daether.dependencyCollector.impl=bf c:\Users\sediq\.vscode\extensions\redhat.java-1.54.0-win32-x64\server\plugins\org.eclipse.equinox.launcher_1.7.100.v20251111-0406.jar -configuration c:\Users\sediq\AppData\Roaming\Code\User\globalStorage\redhat.java\1.54.0\config_win -data c:\Users\sediq\AppData\Roaming\Code\User\workspaceStorage\4a1410d75520b168f98344a0295b6722\redhat.java\jdt_ws --pipe=\\.\pipe\lsp-c15586f69bd9c9f0462fa2b2987c1074-sock

Host: Intel(R) Xeon(R) E-2176M  CPU @ 2.70GHz, 12 cores, 15G,  Windows 11 , 64 bit Build 26100 (10.0.26100.8328)
Time: Thu Jun  4 11:27:09 2026 W. Europe Daylight Time elapsed time: 78831.840294 seconds (0d 21h 53m 51s)

---------------  T H R E A D  ---------------

Current thread (0x000001f7c3de4520):  JavaThread "Attach Listener" daemon [_thread_in_vm, id=30552, stack(0x000000cabc800000,0x000000cabc900000) (1024K)]

Stack: [0x000000cabc800000,0x000000cabc900000]
Native frames: (J=compiled Java code, j=interpreted, Vv=VM code, C=native code)
V  [jvm.dll+0x6d7a39]
V  [jvm.dll+0x8b4b26]
V  [jvm.dll+0x8b70de]
V  [jvm.dll+0x8b77c3]
V  [jvm.dll+0x284346]
V  [jvm.dll+0xc1277]
V  [jvm.dll+0x6d82e9]
V  [jvm.dll+0x1334a6]
V  [jvm.dll+0x3f857e]
V  [jvm.dll+0x85f59d]
V  [jvm.dll+0x6d626d]
C  [ucrtbase.dll+0x37b0]
C  [KERNEL32.DLL+0x2e957]
C  [ntdll.dll+0x427c]


---------------  P R O C E S S  ---------------

Threads class SMR info:
_java_thread_list=0x000001f819079f90, length=42, elements={
0x000001f7a7677bd0, 0x000001f7c3ddb620, 0x000001f7c3ddec00, 0x000001f7c3de3ac0,
0x000001f7c3de4520, 0x000001f7c3de4f80, 0x000001f7c3ded9f0, 0x000001f7c3df1810,
0x000001f7c3e08f80, 0x000001f80918d200, 0x000001f80929fc10, 0x000001f809bfb0e0,
0x000001f809bec260, 0x000001f809b79b40, 0x000001f809014e30, 0x000001f809165710,
0x000001f80a218b90, 0x000001f80a378480, 0x000001f809e8e7d0, 0x000001f809e8d420,
0x000001f809e8c700, 0x000001f80cd86560, 0x000001f80cd85840, 0x000001f80cd851b0,
0x000001f80cd85ed0, 0x000001f80cd84490, 0x000001f80cd830e0, 0x000001f80cd84b20,
0x000001f80cd83e00, 0x000001f80cd86bf0, 0x000001f80cd83770, 0x000001f80cd8a700,
0x000001f80cd89350, 0x000001f80cd87280, 0x000001f80cd88630, 0x000001f80cd87910,
0x000001f8184d54f0, 0x000001f8184d68a0, 0x000001f8184d5b80, 0x000001f80d04fe40,
0x000001f80d054d00, 0x000001f80d051880
}

Java Threads: ( => current thread )
  0x000001f7a7677bd0 JavaThread "main"                              [_thread_blocked, id=31696, stack(0x000000cabbd00000,0x000000cabbe00000) (1024K)]
  0x000001f7c3ddb620 JavaThread "Reference Handler"          daemon [_thread_blocked, id=22812, stack(0x000000cabc500000,0x000000cabc600000) (1024K)]
  0x000001f7c3ddec00 JavaThread "Finalizer"                  daemon [_thread_blocked, id=22928, stack(0x000000cabc600000,0x000000cabc700000) (1024K)]
  0x000001f7c3de3ac0 JavaThread "Signal Dispatcher"          daemon [_thread_blocked, id=32360, stack(0x000000cabc700000,0x000000cabc800000) (1024K)]
=>0x000001f7c3de4520 JavaThread "Attach Listener"            daemon [_thread_in_vm, id=30552, stack(0x000000cabc800000,0x000000cabc900000) (1024K)]
  0x000001f7c3de4f80 JavaThread "Service Thread"             daemon [_thread_blocked, id=4836, stack(0x000000cabc900000,0x000000cabca00000) (1024K)]
  0x000001f7c3ded9f0 JavaThread "Monitor Deflation Thread"   daemon [_thread_blocked, id=10688, stack(0x000000cabca00000,0x000000cabcb00000) (1024K)]
  0x000001f7c3df1810 JavaThread "C2 CompilerThread0"         daemon [_thread_blocked, id=18536, stack(0x000000cabcb00000,0x000000cabcc00000) (1024K)]
  0x000001f7c3e08f80 JavaThread "C1 CompilerThread0"         daemon [_thread_blocked, id=1568, stack(0x000000cabcc00000,0x000000cabcd00000) (1024K)]
  0x000001f80918d200 JavaThread "Common-Cleaner"             daemon [_thread_blocked, id=17532, stack(0x000000cabcd00000,0x000000cabce00000) (1024K)]
  0x000001f80929fc10 JavaThread "Notification Thread"        daemon [_thread_blocked, id=28604, stack(0x000000cabcf00000,0x000000cabd000000) (1024K)]
  0x000001f809bfb0e0 JavaThread "Active Thread: Equinox Container: 2dbfc977-c9c8-4ec0-a8eb-0252a6729090"        [_thread_blocked, id=18148, stack(0x000000cabd700000,0x000000cabd800000) (1024K)]
  0x000001f809bec260 JavaThread "Refresh Thread: Equinox Container: 2dbfc977-c9c8-4ec0-a8eb-0252a6729090" daemon [_thread_blocked, id=19508, stack(0x000000cabce00000,0x000000cabcf00000) (1024K)]
  0x000001f809b79b40 JavaThread "Framework Event Dispatcher: Equinox Container: 2dbfc977-c9c8-4ec0-a8eb-0252a6729090" daemon [_thread_blocked, id=22424, stack(0x000000cabd000000,0x000000cabd100000) (1024K)]
  0x000001f809014e30 JavaThread "Start Level: Equinox Container: 2dbfc977-c9c8-4ec0-a8eb-0252a6729090" daemon [_thread_blocked, id=13852, stack(0x000000cabd800000,0x000000cabd900000) (1024K)]
  0x000001f809165710 JavaThread "Bundle File Closer"         daemon [_thread_blocked, id=508, stack(0x000000cabdd00000,0x000000cabde00000) (1024K)]
  0x000001f80a218b90 JavaThread "SCR Component Actor"        daemon [_thread_blocked, id=3944, stack(0x000000cabdb00000,0x000000cabdc00000) (1024K)]
  0x000001f80a378480 JavaThread "Worker-JM"                         [_thread_blocked, id=32644, stack(0x000000cabde00000,0x000000cabdf00000) (1024K)]
  0x000001f809e8e7d0 JavaThread "Java indexing"              daemon [_thread_blocked, id=11564, stack(0x000000cabe500000,0x000000cabe600000) (1024K)]
  0x000001f809e8d420 JavaThread "JNA Cleaner"                daemon [_thread_blocked, id=16260, stack(0x000000cabe600000,0x000000cabe700000) (1024K)]
  0x000001f809e8c700 JavaThread "Thread-1"                   daemon [_thread_in_native, id=16860, stack(0x000000cabee00000,0x000000cabef00000) (1024K)]
  0x000001f80cd86560 JavaThread "Thread-2"                   daemon [_thread_in_native, id=22644, stack(0x000000cabef00000,0x000000cabf000000) (1024K)]
  0x000001f80cd85840 JavaThread "Thread-3"                   daemon [_thread_in_native, id=32420, stack(0x000000cabf000000,0x000000cabf100000) (1024K)]
  0x000001f80cd851b0 JavaThread "Thread-4"                   daemon [_thread_in_native, id=34532, stack(0x000000cabf100000,0x000000cabf200000) (1024K)]
  0x000001f80cd85ed0 JavaThread "Thread-5"                   daemon [_thread_in_native, id=26112, stack(0x000000cabf200000,0x000000cabf300000) (1024K)]
  0x000001f80cd84490 JavaThread "Thread-6"                   daemon [_thread_in_native, id=25640, stack(0x000000cabf300000,0x000000cabf400000) (1024K)]
  0x000001f80cd830e0 JavaThread "Thread-7"                   daemon [_thread_in_native, id=26724, stack(0x000000cabf400000,0x000000cabf500000) (1024K)]
  0x000001f80cd84b20 JavaThread "Thread-8"                   daemon [_thread_in_native, id=30348, stack(0x000000cabf500000,0x000000cabf600000) (1024K)]
  0x000001f80cd83e00 JavaThread "Thread-9"                   daemon [_thread_in_native, id=21788, stack(0x000000cabf600000,0x000000cabf700000) (1024K)]
  0x000001f80cd86bf0 JavaThread "Thread-10"                  daemon [_thread_in_native, id=21108, stack(0x000000cabf700000,0x000000cabf800000) (1024K)]
  0x000001f80cd83770 JavaThread "Thread-11"                  daemon [_thread_in_native, id=5864, stack(0x000000cabf800000,0x000000cabf900000) (1024K)]
  0x000001f80cd8a700 JavaThread "Thread-12"                  daemon [_thread_in_native, id=2764, stack(0x000000cabf900000,0x000000cabfa00000) (1024K)]
  0x000001f80cd89350 JavaThread "Thread-13"                  daemon [_thread_in_native, id=12740, stack(0x000000cabfa00000,0x000000cabfb00000) (1024K)]
  0x000001f80cd87280 JavaThread "pool-2-thread-1"                   [_thread_blocked, id=15696, stack(0x000000cabfb00000,0x000000cabfc00000) (1024K)]
  0x000001f80cd88630 JavaThread "WorkspaceEventsHandler"            [_thread_blocked, id=14316, stack(0x000000cabfd00000,0x000000cabfe00000) (1024K)]
  0x000001f80cd87910 JavaThread "pool-1-thread-1"                   [_thread_blocked, id=34456, stack(0x000000cabfe00000,0x000000cabff00000) (1024K)]
  0x000001f8184d54f0 JavaThread "Java Debug Server"          daemon [_thread_in_native, id=24124, stack(0x000000cac1f00000,0x000000cac2000000) (1024K)]
  0x000001f8184d68a0 JavaThread "RxSchedulerPurge-1"         daemon [_thread_blocked, id=33052, stack(0x000000cac2100000,0x000000cac2200000) (1024K)]
  0x000001f8184d5b80 JavaThread "RxCachedWorkerPoolEvictor-1" daemon [_thread_blocked, id=8736, stack(0x000000cac2200000,0x000000cac2300000) (1024K)]
  0x000001f80d04fe40 JavaThread "Cleaner-0"                  daemon [_thread_blocked, id=34620, stack(0x000000cabe900000,0x000000cabea00000) (1024K)]
  0x000001f80d054d00 JavaThread "Worker-10"                         [_thread_blocked, id=31180, stack(0x000000cabbb00000,0x000000cabbc00000) (1024K)]
  0x000001f80d051880 JavaThread "Worker-12"                         [_thread_blocked, id=28808, stack(0x000000cabdf00000,0x000000cabe000000) (1024K)]
Total: 42

Other Threads:
  0x000001f7c3dbb730 VMThread "VM Thread"                           [id=33988, stack(0x000000cabc400000,0x000000cabc500000) (1024K)]
  0x000001f7c3da57d0 WatcherThread "VM Periodic Task Thread"        [id=6528, stack(0x000000cabc300000,0x000000cabc400000) (1024K)]
  0x000001f7a9b6c540 WorkerThread "GC Thread#0"                     [id=17908, stack(0x000000cabbe00000,0x000000cabbf00000) (1024K)]
  0x000001f809a385d0 WorkerThread "GC Thread#1"                     [id=28660, stack(0x000000cabd100000,0x000000cabd200000) (1024K)]
  0x000001f809a38980 WorkerThread "GC Thread#2"                     [id=22224, stack(0x000000cabd200000,0x000000cabd300000) (1024K)]
  0x000001f809a38d30 WorkerThread "GC Thread#3"                     [id=3880, stack(0x000000cabd300000,0x000000cabd400000) (1024K)]
  0x000001f809ab1120 WorkerThread "GC Thread#4"                     [id=24560, stack(0x000000cabd400000,0x000000cabd500000) (1024K)]
  0x000001f809ab18e0 WorkerThread "GC Thread#5"                     [id=19132, stack(0x000000cabd500000,0x000000cabd600000) (1024K)]
  0x000001f80996e3e0 WorkerThread "GC Thread#6"                     [id=24536, stack(0x000000cabd600000,0x000000cabd700000) (1024K)]
  0x000001f80996eb40 WorkerThread "GC Thread#7"                     [id=13248, stack(0x000000cabd900000,0x000000cabda00000) (1024K)]
  0x000001f80996eef0 WorkerThread "GC Thread#8"                     [id=27296, stack(0x000000cabda00000,0x000000cabdb00000) (1024K)]
  0x000001f80996fa00 WorkerThread "GC Thread#9"                     [id=15920, stack(0x000000cabe100000,0x000000cabe200000) (1024K)]
  0x000001f7a9b7d0c0 ConcurrentGCThread "G1 Main Marker"            [id=33092, stack(0x000000cabbf00000,0x000000cabc000000) (1024K)]
  0x000001f7a9b7dae0 WorkerThread "G1 Conc#0"                       [id=30156, stack(0x000000cabc000000,0x000000cabc100000) (1024K)]
  0x000001f80996fdb0 WorkerThread "G1 Conc#1"                       [id=30280, stack(0x000000cabe300000,0x000000cabe400000) (1024K)]
  0x000001f80b20e050 WorkerThread "G1 Conc#2"                       [id=25524, stack(0x000000cabe400000,0x000000cabe500000) (1024K)]
  0x000001f7c3c74eb0 ConcurrentGCThread "G1 Refine#0"               [id=26072, stack(0x000000cabc100000,0x000000cabc200000) (1024K)]
  0x000001f7c3c77dc0 ConcurrentGCThread "G1 Service"                [id=700, stack(0x000000cabc200000,0x000000cabc300000) (1024K)]
Total: 18

Threads with active compile tasks:
Total: 0

VM state: not at safepoint (normal execution)

VM Mutex/Monitor currently owned by a thread: None

Heap address: 0x0000000703800000, size: 4040 MB, Compressed Oops mode: Zero based, Oop shift amount: 3

CDS archive(s) mapped at: [0x000001f7c4000000-0x000001f7c4ba0000-0x000001f7c4ba0000), size 12189696, SharedBaseAddress: 0x000001f7c4000000, ArchiveRelocationMode: 1.
Compressed class space mapped at: 0x000001f7c5000000-0x000001f805000000, reserved size: 1073741824
Narrow klass base: 0x000001f7c4000000, Narrow klass shift: 0, Narrow klass range: 0x100000000

GC Precious Log:
 CardTable entry size: 512
 Card Set container configuration: InlinePtr #cards 4 size 8 Array Of Cards #cards 16 size 48 Howl #buckets 8 coarsen threshold 3686 Howl Bitmap #cards 512 size 80 coarsen threshold 460 Card regions per heap region 1 cards per card region 4096
 CPUs: 12 total, 12 available
 Memory: 16154M
 Large Page Support: Disabled
 NUMA Support: Disabled
 Compressed Oops: Enabled (Zero based)
 Heap Region Size: 2M
 Heap Min Capacity: 8M
 Heap Initial Capacity: 254M
 Heap Max Capacity: 4040M
 Pre-touch: Disabled
 Parallel Workers: 10
 Concurrent Workers: 3
 Concurrent Refinement Workers: 10
 Periodic GC: Disabled

Heap:
 garbage-first heap   total 897024K, used 502828K [0x0000000703800000, 0x0000000800000000)
  region size 2048K, 106 young (217088K), 16 survivors (32768K)
 Metaspace       used 85461K, committed 87232K, reserved 1179648K
  class space    used 9179K, committed 9984K, reserved 1048576K

Heap Regions: E=young(eden), S=young(survivor), O=old, HS=humongous(starts), HC=humongous(continues), CS=collection set, F=free, TAMS=top-at-mark-start, PB=parsable bottom
|   0|0x0000000703800000, 0x0000000703a00000, 0x0000000703a00000|100%| O|  |TAMS 0x0000000703800000| PB 0x0000000703800000| Untracked 
|   1|0x0000000703a00000, 0x0000000703c00000, 0x0000000703c00000|100%| O|  |TAMS 0x0000000703a00000| PB 0x0000000703a00000| Untracked 
|   2|0x0000000703c00000, 0x0000000703e00000, 0x0000000703e00000|100%| O|  |TAMS 0x0000000703c00000| PB 0x0000000703c00000| Untracked 
|   3|0x0000000703e00000, 0x0000000704000000, 0x0000000704000000|100%| O|  |TAMS 0x0000000703e00000| PB 0x0000000703e00000| Untracked 
|   4|0x0000000704000000, 0x0000000704200000, 0x0000000704200000|100%| O|  |TAMS 0x0000000704000000| PB 0x0000000704000000| Untracked 
|   5|0x0000000704200000, 0x0000000704400000, 0x0000000704400000|100%| O|  |TAMS 0x0000000704200000| PB 0x0000000704200000| Untracked 
|   6|0x0000000704400000, 0x0000000704600000, 0x0000000704600000|100%| O|  |TAMS 0x0000000704400000| PB 0x0000000704400000| Untracked 
|   7|0x0000000704600000, 0x0000000704800000, 0x0000000704800000|100%| O|  |TAMS 0x0000000704600000| PB 0x0000000704600000| Untracked 
|   8|0x0000000704800000, 0x0000000704a00000, 0x0000000704a00000|100%| O|  |TAMS 0x0000000704800000| PB 0x0000000704800000| Untracked 
|   9|0x0000000704a00000, 0x0000000704c00000, 0x0000000704c00000|100%| O|  |TAMS 0x0000000704a00000| PB 0x0000000704a00000| Untracked 
|  10|0x0000000704c00000, 0x0000000704e00000, 0x0000000704e00000|100%| O|  |TAMS 0x0000000704c00000| PB 0x0000000704c00000| Untracked 
|  11|0x0000000704e00000, 0x0000000705000000, 0x0000000705000000|100%| O|  |TAMS 0x0000000704e00000| PB 0x0000000704e00000| Untracked 
|  12|0x0000000705000000, 0x0000000705200000, 0x0000000705200000|100%| O|  |TAMS 0x0000000705000000| PB 0x0000000705000000| Untracked 
|  13|0x0000000705200000, 0x0000000705400000, 0x0000000705400000|100%| O|  |TAMS 0x0000000705200000| PB 0x0000000705200000| Untracked 
|  14|0x0000000705400000, 0x0000000705600000, 0x0000000705600000|100%| O|  |TAMS 0x0000000705400000| PB 0x0000000705400000| Untracked 
|  15|0x0000000705600000, 0x0000000705800000, 0x0000000705800000|100%| O|  |TAMS 0x0000000705600000| PB 0x0000000705600000| Untracked 
|  16|0x0000000705800000, 0x0000000705a00000, 0x0000000705a00000|100%| O|  |TAMS 0x0000000705800000| PB 0x0000000705800000| Untracked 
|  17|0x0000000705a00000, 0x0000000705c00000, 0x0000000705c00000|100%| O|  |TAMS 0x0000000705a00000| PB 0x0000000705a00000| Untracked 
|  18|0x0000000705c00000, 0x0000000705e00000, 0x0000000705e00000|100%| O|  |TAMS 0x0000000705c00000| PB 0x0000000705c00000| Untracked 
|  19|0x0000000705e00000, 0x0000000706000000, 0x0000000706000000|100%| O|  |TAMS 0x0000000705e00000| PB 0x0000000705e00000| Untracked 
|  20|0x0000000706000000, 0x0000000706200000, 0x0000000706200000|100%| O|  |TAMS 0x0000000706000000| PB 0x0000000706000000| Untracked 
|  21|0x0000000706200000, 0x0000000706400000, 0x0000000706400000|100%| O|  |TAMS 0x0000000706200000| PB 0x0000000706200000| Untracked 
|  22|0x0000000706400000, 0x0000000706600000, 0x0000000706600000|100%| O|  |TAMS 0x0000000706400000| PB 0x0000000706400000| Untracked 
|  23|0x0000000706600000, 0x0000000706800000, 0x0000000706800000|100%| O|  |TAMS 0x0000000706600000| PB 0x0000000706600000| Untracked 
|  24|0x0000000706800000, 0x0000000706a00000, 0x0000000706a00000|100%| O|  |TAMS 0x0000000706800000| PB 0x0000000706800000| Untracked 
|  25|0x0000000706a00000, 0x0000000706c00000, 0x0000000706c00000|100%| O|  |TAMS 0x0000000706a00000| PB 0x0000000706a00000| Untracked 
|  26|0x0000000706c00000, 0x0000000706e00000, 0x0000000706e00000|100%| O|  |TAMS 0x0000000706c00000| PB 0x0000000706c00000| Untracked 
|  27|0x0000000706e00000, 0x0000000707000000, 0x0000000707000000|100%| O|  |TAMS 0x0000000706e00000| PB 0x0000000706e00000| Untracked 
|  28|0x0000000707000000, 0x0000000707200000, 0x0000000707200000|100%| O|  |TAMS 0x0000000707000000| PB 0x0000000707000000| Untracked 
|  29|0x0000000707200000, 0x0000000707400000, 0x0000000707400000|100%| O|  |TAMS 0x0000000707200000| PB 0x0000000707200000| Untracked 
|  30|0x0000000707400000, 0x0000000707600000, 0x0000000707600000|100%| O|  |TAMS 0x0000000707400000| PB 0x0000000707400000| Untracked 
|  31|0x0000000707600000, 0x0000000707800000, 0x0000000707800000|100%| O|  |TAMS 0x0000000707600000| PB 0x0000000707600000| Untracked 
|  32|0x0000000707800000, 0x0000000707a00000, 0x0000000707a00000|100%| O|  |TAMS 0x0000000707800000| PB 0x0000000707800000| Untracked 
|  33|0x0000000707a00000, 0x0000000707c00000, 0x0000000707c00000|100%| O|  |TAMS 0x0000000707a00000| PB 0x0000000707a00000| Untracked 
|  34|0x0000000707c00000, 0x0000000707e00000, 0x0000000707e00000|100%| O|  |TAMS 0x0000000707c00000| PB 0x0000000707c00000| Untracked 
|  35|0x0000000707e00000, 0x0000000708000000, 0x0000000708000000|100%| O|  |TAMS 0x0000000707e00000| PB 0x0000000707e00000| Untracked 
|  36|0x0000000708000000, 0x0000000708200000, 0x0000000708200000|100%| O|  |TAMS 0x0000000708000000| PB 0x0000000708000000| Untracked 
|  37|0x0000000708200000, 0x0000000708400000, 0x0000000708400000|100%| O|  |TAMS 0x0000000708200000| PB 0x0000000708200000| Untracked 
|  38|0x0000000708400000, 0x0000000708600000, 0x0000000708600000|100%| O|  |TAMS 0x0000000708400000| PB 0x0000000708400000| Untracked 
|  39|0x0000000708600000, 0x0000000708800000, 0x0000000708800000|100%| O|  |TAMS 0x0000000708600000| PB 0x0000000708600000| Untracked 
|  40|0x0000000708800000, 0x0000000708a00000, 0x0000000708a00000|100%| O|  |TAMS 0x0000000708800000| PB 0x0000000708800000| Untracked 
|  41|0x0000000708a00000, 0x0000000708c00000, 0x0000000708c00000|100%| O|  |TAMS 0x0000000708a00000| PB 0x0000000708a00000| Untracked 
|  42|0x0000000708c00000, 0x0000000708e00000, 0x0000000708e00000|100%| O|  |TAMS 0x0000000708c00000| PB 0x0000000708c00000| Untracked 
|  43|0x0000000708e00000, 0x0000000709000000, 0x0000000709000000|100%| O|  |TAMS 0x0000000708e00000| PB 0x0000000708e00000| Untracked 
|  44|0x0000000709000000, 0x0000000709200000, 0x0000000709200000|100%| O|  |TAMS 0x0000000709000000| PB 0x0000000709000000| Untracked 
|  45|0x0000000709200000, 0x0000000709400000, 0x0000000709400000|100%| O|  |TAMS 0x0000000709200000| PB 0x0000000709200000| Untracked 
|  46|0x0000000709400000, 0x0000000709600000, 0x0000000709600000|100%| O|  |TAMS 0x0000000709400000| PB 0x0000000709400000| Untracked 
|  47|0x0000000709600000, 0x0000000709610418, 0x0000000709800000|  3%| O|  |TAMS 0x0000000709600000| PB 0x0000000709600000| Untracked 
|  48|0x0000000709800000, 0x0000000709a00000, 0x0000000709a00000|100%| O|  |TAMS 0x0000000709800000| PB 0x0000000709800000| Untracked 
|  49|0x0000000709a00000, 0x0000000709c00000, 0x0000000709c00000|100%| O|  |TAMS 0x0000000709a00000| PB 0x0000000709a00000| Untracked 
|  50|0x0000000709c00000, 0x0000000709e00000, 0x0000000709e00000|100%| O|  |TAMS 0x0000000709c00000| PB 0x0000000709c00000| Untracked 
|  51|0x0000000709e00000, 0x000000070a000000, 0x000000070a000000|100%|HS|  |TAMS 0x0000000709e00000| PB 0x0000000709e00000| Complete 
|  52|0x000000070a000000, 0x000000070a200000, 0x000000070a200000|100%|HS|  |TAMS 0x000000070a000000| PB 0x000000070a000000| Complete 
|  53|0x000000070a200000, 0x000000070a400000, 0x000000070a400000|100%| O|  |TAMS 0x000000070a200000| PB 0x000000070a200000| Untracked 
|  54|0x000000070a400000, 0x000000070a600000, 0x000000070a600000|100%|HS|  |TAMS 0x000000070a400000| PB 0x000000070a400000| Complete 
|  55|0x000000070a600000, 0x000000070a800000, 0x000000070a800000|100%| O|  |TAMS 0x000000070a600000| PB 0x000000070a600000| Untracked 
|  56|0x000000070a800000, 0x000000070aa00000, 0x000000070aa00000|100%| O|  |TAMS 0x000000070a800000| PB 0x000000070a800000| Untracked 
|  57|0x000000070aa00000, 0x000000070ac00000, 0x000000070ac00000|100%| O|  |TAMS 0x000000070aa00000| PB 0x000000070aa00000| Untracked 
|  58|0x000000070ac00000, 0x000000070ae00000, 0x000000070ae00000|100%| O|  |TAMS 0x000000070ac00000| PB 0x000000070ac00000| Untracked 
|  59|0x000000070ae00000, 0x000000070b000000, 0x000000070b000000|100%|HS|  |TAMS 0x000000070ae00000| PB 0x000000070ae00000| Complete 
|  60|0x000000070b000000, 0x000000070b200000, 0x000000070b200000|100%|HS|  |TAMS 0x000000070b000000| PB 0x000000070b000000| Complete 
|  61|0x000000070b200000, 0x000000070b400000, 0x000000070b400000|100%| O|  |TAMS 0x000000070b200000| PB 0x000000070b200000| Untracked 
|  62|0x000000070b400000, 0x000000070b600000, 0x000000070b600000|100%| O|  |TAMS 0x000000070b400000| PB 0x000000070b400000| Untracked 
|  63|0x000000070b600000, 0x000000070b800000, 0x000000070b800000|100%|HS|  |TAMS 0x000000070b600000| PB 0x000000070b600000| Complete 
|  64|0x000000070b800000, 0x000000070ba00000, 0x000000070ba00000|100%| O|  |TAMS 0x000000070b800000| PB 0x000000070b800000| Untracked 
|  65|0x000000070ba00000, 0x000000070bc00000, 0x000000070bc00000|100%| O|  |TAMS 0x000000070ba00000| PB 0x000000070ba00000| Untracked 
|  66|0x000000070bc00000, 0x000000070be00000, 0x000000070be00000|100%| O|  |TAMS 0x000000070bc00000| PB 0x000000070bc00000| Untracked 
|  67|0x000000070be00000, 0x000000070c000000, 0x000000070c000000|100%| O|  |TAMS 0x000000070be00000| PB 0x000000070be00000| Untracked 
|  68|0x000000070c000000, 0x000000070c200000, 0x000000070c200000|100%| O|  |TAMS 0x000000070c000000| PB 0x000000070c000000| Untracked 
|  69|0x000000070c200000, 0x000000070c400000, 0x000000070c400000|100%|HS|  |TAMS 0x000000070c200000| PB 0x000000070c200000| Complete 
|  70|0x000000070c400000, 0x000000070c600000, 0x000000070c600000|100%|HS|  |TAMS 0x000000070c400000| PB 0x000000070c400000| Complete 
|  71|0x000000070c600000, 0x000000070c800000, 0x000000070c800000|100%| O|  |TAMS 0x000000070c600000| PB 0x000000070c600000| Untracked 
|  72|0x000000070c800000, 0x000000070ca00000, 0x000000070ca00000|100%|HS|  |TAMS 0x000000070c800000| PB 0x000000070c800000| Complete 
|  73|0x000000070ca00000, 0x000000070cc00000, 0x000000070cc00000|100%|HS|  |TAMS 0x000000070ca00000| PB 0x000000070ca00000| Complete 
|  74|0x000000070cc00000, 0x000000070ce00000, 0x000000070ce00000|100%|HS|  |TAMS 0x000000070cc00000| PB 0x000000070cc00000| Complete 
|  75|0x000000070ce00000, 0x000000070d000000, 0x000000070d000000|100%| O|  |TAMS 0x000000070ce00000| PB 0x000000070ce00000| Untracked 
|  76|0x000000070d000000, 0x000000070d200000, 0x000000070d200000|100%| O|  |TAMS 0x000000070d000000| PB 0x000000070d000000| Untracked 
|  77|0x000000070d200000, 0x000000070d400000, 0x000000070d400000|100%|HS|  |TAMS 0x000000070d200000| PB 0x000000070d200000| Complete 
|  78|0x000000070d400000, 0x000000070d600000, 0x000000070d600000|100%| O|  |TAMS 0x000000070d400000| PB 0x000000070d400000| Untracked 
|  79|0x000000070d600000, 0x000000070d800000, 0x000000070d800000|100%|HS|  |TAMS 0x000000070d600000| PB 0x000000070d600000| Complete 
|  80|0x000000070d800000, 0x000000070da00000, 0x000000070da00000|100%|HS|  |TAMS 0x000000070d800000| PB 0x000000070d800000| Complete 
|  81|0x000000070da00000, 0x000000070dc00000, 0x000000070dc00000|100%| O|  |TAMS 0x000000070da00000| PB 0x000000070da00000| Untracked 
|  82|0x000000070dc00000, 0x000000070de00000, 0x000000070de00000|100%| O|  |TAMS 0x000000070dc00000| PB 0x000000070dc00000| Untracked 
|  83|0x000000070de00000, 0x000000070e000000, 0x000000070e000000|100%| O|  |TAMS 0x000000070de00000| PB 0x000000070de00000| Untracked 
|  84|0x000000070e000000, 0x000000070e200000, 0x000000070e200000|100%| O|  |TAMS 0x000000070e000000| PB 0x000000070e000000| Untracked 
|  85|0x000000070e200000, 0x000000070e200000, 0x000000070e400000|  0%| F|  |TAMS 0x000000070e200000| PB 0x000000070e200000| Untracked 
|  86|0x000000070e400000, 0x000000070e400000, 0x000000070e600000|  0%| F|  |TAMS 0x000000070e400000| PB 0x000000070e400000| Untracked 
|  87|0x000000070e600000, 0x000000070e800000, 0x000000070e800000|100%| O|  |TAMS 0x000000070e600000| PB 0x000000070e600000| Untracked 
|  88|0x000000070e800000, 0x000000070ea00000, 0x000000070ea00000|100%| O|  |TAMS 0x000000070e800000| PB 0x000000070e800000| Untracked 
|  89|0x000000070ea00000, 0x000000070ec00000, 0x000000070ec00000|100%| O|  |TAMS 0x000000070ea00000| PB 0x000000070ea00000| Untracked 
|  90|0x000000070ec00000, 0x000000070ee00000, 0x000000070ee00000|100%| O|  |TAMS 0x000000070ec00000| PB 0x000000070ec00000| Untracked 
|  91|0x000000070ee00000, 0x000000070f000000, 0x000000070f000000|100%| O|  |TAMS 0x000000070ee00000| PB 0x000000070ee00000| Untracked 
|  92|0x000000070f000000, 0x000000070f200000, 0x000000070f200000|100%| O|  |TAMS 0x000000070f000000| PB 0x000000070f000000| Untracked 
|  93|0x000000070f200000, 0x000000070f200000, 0x000000070f400000|  0%| F|  |TAMS 0x000000070f200000| PB 0x000000070f200000| Untracked 
|  94|0x000000070f400000, 0x000000070f400000, 0x000000070f600000|  0%| F|  |TAMS 0x000000070f400000| PB 0x000000070f400000| Untracked 
|  95|0x000000070f600000, 0x000000070f600000, 0x000000070f800000|  0%| F|  |TAMS 0x000000070f600000| PB 0x000000070f600000| Untracked 
|  96|0x000000070f800000, 0x000000070f800000, 0x000000070fa00000|  0%| F|  |TAMS 0x000000070f800000| PB 0x000000070f800000| Untracked 
|  97|0x000000070fa00000, 0x000000070fa00000, 0x000000070fc00000|  0%| F|  |TAMS 0x000000070fa00000| PB 0x000000070fa00000| Untracked 
|  98|0x000000070fc00000, 0x000000070fc00000, 0x000000070fe00000|  0%| F|  |TAMS 0x000000070fc00000| PB 0x000000070fc00000| Untracked 
|  99|0x000000070fe00000, 0x000000070fe00000, 0x0000000710000000|  0%| F|  |TAMS 0x000000070fe00000| PB 0x000000070fe00000| Untracked 
| 100|0x0000000710000000, 0x0000000710000000, 0x0000000710200000|  0%| F|  |TAMS 0x0000000710000000| PB 0x0000000710000000| Untracked 
| 101|0x0000000710200000, 0x0000000710400000, 0x0000000710400000|100%| O|  |TAMS 0x0000000710200000| PB 0x0000000710200000| Untracked 
| 102|0x0000000710400000, 0x0000000710400000, 0x0000000710600000|  0%| F|  |TAMS 0x0000000710400000| PB 0x0000000710400000| Untracked 
| 103|0x0000000710600000, 0x0000000710600000, 0x0000000710800000|  0%| F|  |TAMS 0x0000000710600000| PB 0x0000000710600000| Untracked 
| 104|0x0000000710800000, 0x0000000710a00000, 0x0000000710a00000|100%| O|  |TAMS 0x0000000710800000| PB 0x0000000710800000| Untracked 
| 105|0x0000000710a00000, 0x0000000710c00000, 0x0000000710c00000|100%| O|  |TAMS 0x0000000710a00000| PB 0x0000000710a00000| Untracked 
| 106|0x0000000710c00000, 0x0000000710e00000, 0x0000000710e00000|100%| O|  |TAMS 0x0000000710c00000| PB 0x0000000710c00000| Untracked 
| 107|0x0000000710e00000, 0x0000000711000000, 0x0000000711000000|100%| O|  |TAMS 0x0000000710e00000| PB 0x0000000710e00000| Untracked 
| 108|0x0000000711000000, 0x0000000711200000, 0x0000000711200000|100%| O|  |TAMS 0x0000000711000000| PB 0x0000000711000000| Untracked 
| 109|0x0000000711200000, 0x0000000711200000, 0x0000000711400000|  0%| F|  |TAMS 0x0000000711200000| PB 0x0000000711200000| Untracked 
| 110|0x0000000711400000, 0x0000000711400000, 0x0000000711600000|  0%| F|  |TAMS 0x0000000711400000| PB 0x0000000711400000| Untracked 
| 111|0x0000000711600000, 0x0000000711800000, 0x0000000711800000|100%| O|  |TAMS 0x0000000711600000| PB 0x0000000711600000| Untracked 
| 112|0x0000000711800000, 0x0000000711800000, 0x0000000711a00000|  0%| F|  |TAMS 0x0000000711800000| PB 0x0000000711800000| Untracked 
| 113|0x0000000711a00000, 0x0000000711a00000, 0x0000000711c00000|  0%| F|  |TAMS 0x0000000711a00000| PB 0x0000000711a00000| Untracked 
| 114|0x0000000711c00000, 0x0000000711c00000, 0x0000000711e00000|  0%| F|  |TAMS 0x0000000711c00000| PB 0x0000000711c00000| Untracked 
| 115|0x0000000711e00000, 0x0000000711e00000, 0x0000000712000000|  0%| F|  |TAMS 0x0000000711e00000| PB 0x0000000711e00000| Untracked 
| 116|0x0000000712000000, 0x0000000712200000, 0x0000000712200000|100%| O|  |TAMS 0x0000000712000000| PB 0x0000000712000000| Untracked 
| 117|0x0000000712200000, 0x0000000712400000, 0x0000000712400000|100%| O|  |TAMS 0x0000000712200000| PB 0x0000000712200000| Untracked 
| 118|0x0000000712400000, 0x0000000712600000, 0x0000000712600000|100%| O|  |TAMS 0x0000000712400000| PB 0x0000000712400000| Untracked 
| 119|0x0000000712600000, 0x0000000712800000, 0x0000000712800000|100%| O|  |TAMS 0x0000000712600000| PB 0x0000000712600000| Untracked 
| 120|0x0000000712800000, 0x0000000712a00000, 0x0000000712a00000|100%| O|  |TAMS 0x0000000712800000| PB 0x0000000712800000| Untracked 
| 121|0x0000000712a00000, 0x0000000712c00000, 0x0000000712c00000|100%| O|  |TAMS 0x0000000712a00000| PB 0x0000000712a00000| Untracked 
| 122|0x0000000712c00000, 0x0000000712e00000, 0x0000000712e00000|100%| O|  |TAMS 0x0000000712c00000| PB 0x0000000712c00000| Untracked 
| 123|0x0000000712e00000, 0x0000000713000000, 0x0000000713000000|100%| O|  |TAMS 0x0000000712e00000| PB 0x0000000712e00000| Untracked 
| 124|0x0000000713000000, 0x0000000713200000, 0x0000000713200000|100%| O|  |TAMS 0x0000000713000000| PB 0x0000000713000000| Untracked 
| 125|0x0000000713200000, 0x0000000713400000, 0x0000000713400000|100%| O|  |TAMS 0x0000000713200000| PB 0x0000000713200000| Untracked 
| 126|0x0000000713400000, 0x0000000713600000, 0x0000000713600000|100%| O|  |TAMS 0x0000000713400000| PB 0x0000000713400000| Untracked 
| 127|0x0000000713600000, 0x0000000713800000, 0x0000000713800000|100%| O|  |TAMS 0x0000000713600000| PB 0x0000000713600000| Untracked 
| 128|0x0000000713800000, 0x0000000713a00000, 0x0000000713a00000|100%| O|  |TAMS 0x0000000713800000| PB 0x0000000713800000| Untracked 
| 129|0x0000000713a00000, 0x0000000713c00000, 0x0000000713c00000|100%| O|  |TAMS 0x0000000713a00000| PB 0x0000000713a00000| Untracked 
| 130|0x0000000713c00000, 0x0000000713e00000, 0x0000000713e00000|100%| O|  |TAMS 0x0000000713c00000| PB 0x0000000713c00000| Untracked 
| 131|0x0000000713e00000, 0x0000000714000000, 0x0000000714000000|100%| O|  |TAMS 0x0000000713e00000| PB 0x0000000713e00000| Untracked 
| 132|0x0000000714000000, 0x0000000714200000, 0x0000000714200000|100%| O|  |TAMS 0x0000000714000000| PB 0x0000000714000000| Untracked 
| 133|0x0000000714200000, 0x0000000714400000, 0x0000000714400000|100%| O|  |TAMS 0x0000000714200000| PB 0x0000000714200000| Untracked 
| 134|0x0000000714400000, 0x0000000714600000, 0x0000000714600000|100%| O|  |TAMS 0x0000000714400000| PB 0x0000000714400000| Untracked 
| 135|0x0000000714600000, 0x0000000714800000, 0x0000000714800000|100%| O|  |TAMS 0x0000000714600000| PB 0x0000000714600000| Untracked 
| 136|0x0000000714800000, 0x0000000714a00000, 0x0000000714a00000|100%| O|  |TAMS 0x0000000714800000| PB 0x0000000714800000| Untracked 
| 137|0x0000000714a00000, 0x0000000714c00000, 0x0000000714c00000|100%| O|  |TAMS 0x0000000714a00000| PB 0x0000000714a00000| Untracked 
| 138|0x0000000714c00000, 0x0000000714e00000, 0x0000000714e00000|100%| O|  |TAMS 0x0000000714c00000| PB 0x0000000714c00000| Untracked 
| 139|0x0000000714e00000, 0x0000000715000000, 0x0000000715000000|100%| O|  |TAMS 0x0000000714e00000| PB 0x0000000714e00000| Untracked 
| 140|0x0000000715000000, 0x0000000715200000, 0x0000000715200000|100%| O|  |TAMS 0x0000000715000000| PB 0x0000000715000000| Untracked 
| 141|0x0000000715200000, 0x0000000715200000, 0x0000000715400000|  0%| F|  |TAMS 0x0000000715200000| PB 0x0000000715200000| Untracked 
| 142|0x0000000715400000, 0x0000000715400000, 0x0000000715600000|  0%| F|  |TAMS 0x0000000715400000| PB 0x0000000715400000| Untracked 
| 143|0x0000000715600000, 0x0000000715600000, 0x0000000715800000|  0%| F|  |TAMS 0x0000000715600000| PB 0x0000000715600000| Untracked 
| 144|0x0000000715800000, 0x0000000715a00000, 0x0000000715a00000|100%| O|  |TAMS 0x0000000715800000| PB 0x0000000715800000| Untracked 
| 145|0x0000000715a00000, 0x0000000715a00000, 0x0000000715c00000|  0%| F|  |TAMS 0x0000000715a00000| PB 0x0000000715a00000| Untracked 
| 146|0x0000000715c00000, 0x0000000715c00000, 0x0000000715e00000|  0%| F|  |TAMS 0x0000000715c00000| PB 0x0000000715c00000| Untracked 
| 147|0x0000000715e00000, 0x0000000716000000, 0x0000000716000000|100%| O|  |TAMS 0x0000000715e00000| PB 0x0000000715e00000| Untracked 
| 148|0x0000000716000000, 0x0000000716200000, 0x0000000716200000|100%| O|  |TAMS 0x0000000716000000| PB 0x0000000716000000| Untracked 
| 149|0x0000000716200000, 0x0000000716400000, 0x0000000716400000|100%| O|  |TAMS 0x0000000716200000| PB 0x0000000716200000| Untracked 
| 150|0x0000000716400000, 0x0000000716600000, 0x0000000716600000|100%| O|  |TAMS 0x0000000716400000| PB 0x0000000716400000| Untracked 
| 151|0x0000000716600000, 0x0000000716800000, 0x0000000716800000|100%| O|  |TAMS 0x0000000716600000| PB 0x0000000716600000| Untracked 
| 152|0x0000000716800000, 0x0000000716a00000, 0x0000000716a00000|100%| O|  |TAMS 0x0000000716800000| PB 0x0000000716800000| Untracked 
| 153|0x0000000716a00000, 0x0000000716c00000, 0x0000000716c00000|100%| O|  |TAMS 0x0000000716a00000| PB 0x0000000716a00000| Untracked 
| 154|0x0000000716c00000, 0x0000000716e00000, 0x0000000716e00000|100%| O|  |TAMS 0x0000000716c00000| PB 0x0000000716c00000| Untracked 
| 155|0x0000000716e00000, 0x0000000717000000, 0x0000000717000000|100%| O|  |TAMS 0x0000000716e00000| PB 0x0000000716e00000| Untracked 
| 156|0x0000000717000000, 0x0000000717200000, 0x0000000717200000|100%| O|  |TAMS 0x0000000717000000| PB 0x0000000717000000| Untracked 
| 157|0x0000000717200000, 0x0000000717400000, 0x0000000717400000|100%| O|  |TAMS 0x0000000717200000| PB 0x0000000717200000| Untracked 
| 158|0x0000000717400000, 0x0000000717600000, 0x0000000717600000|100%| O|  |TAMS 0x0000000717400000| PB 0x0000000717400000| Untracked 
| 159|0x0000000717600000, 0x0000000717600000, 0x0000000717800000|  0%| F|  |TAMS 0x0000000717600000| PB 0x0000000717600000| Untracked 
| 160|0x0000000717800000, 0x0000000717800000, 0x0000000717a00000|  0%| F|  |TAMS 0x0000000717800000| PB 0x0000000717800000| Untracked 
| 161|0x0000000717a00000, 0x0000000717a00000, 0x0000000717c00000|  0%| F|  |TAMS 0x0000000717a00000| PB 0x0000000717a00000| Untracked 
| 162|0x0000000717c00000, 0x0000000717c00000, 0x0000000717e00000|  0%| F|  |TAMS 0x0000000717c00000| PB 0x0000000717c00000| Untracked 
| 163|0x0000000717e00000, 0x0000000717e00000, 0x0000000718000000|  0%| F|  |TAMS 0x0000000717e00000| PB 0x0000000717e00000| Untracked 
| 164|0x0000000718000000, 0x0000000718000000, 0x0000000718200000|  0%| F|  |TAMS 0x0000000718000000| PB 0x0000000718000000| Untracked 
| 165|0x0000000718200000, 0x0000000718200000, 0x0000000718400000|  0%| F|  |TAMS 0x0000000718200000| PB 0x0000000718200000| Untracked 
| 166|0x0000000718400000, 0x0000000718400000, 0x0000000718600000|  0%| F|  |TAMS 0x0000000718400000| PB 0x0000000718400000| Untracked 
| 167|0x0000000718600000, 0x0000000718600000, 0x0000000718800000|  0%| F|  |TAMS 0x0000000718600000| PB 0x0000000718600000| Untracked 
| 168|0x0000000718800000, 0x0000000718800000, 0x0000000718a00000|  0%| F|  |TAMS 0x0000000718800000| PB 0x0000000718800000| Untracked 
| 169|0x0000000718a00000, 0x0000000718a00000, 0x0000000718c00000|  0%| F|  |TAMS 0x0000000718a00000| PB 0x0000000718a00000| Untracked 
| 170|0x0000000718c00000, 0x0000000718c00000, 0x0000000718e00000|  0%| F|  |TAMS 0x0000000718c00000| PB 0x0000000718c00000| Untracked 
| 171|0x0000000718e00000, 0x0000000718e00000, 0x0000000719000000|  0%| F|  |TAMS 0x0000000718e00000| PB 0x0000000718e00000| Untracked 
| 172|0x0000000719000000, 0x0000000719000000, 0x0000000719200000|  0%| F|  |TAMS 0x0000000719000000| PB 0x0000000719000000| Untracked 
| 173|0x0000000719200000, 0x0000000719200000, 0x0000000719400000|  0%| F|  |TAMS 0x0000000719200000| PB 0x0000000719200000| Untracked 
| 174|0x0000000719400000, 0x0000000719400000, 0x0000000719600000|  0%| F|  |TAMS 0x0000000719400000| PB 0x0000000719400000| Untracked 
| 175|0x0000000719600000, 0x0000000719600000, 0x0000000719800000|  0%| F|  |TAMS 0x0000000719600000| PB 0x0000000719600000| Untracked 
| 176|0x0000000719800000, 0x0000000719800000, 0x0000000719a00000|  0%| F|  |TAMS 0x0000000719800000| PB 0x0000000719800000| Untracked 
| 177|0x0000000719a00000, 0x0000000719a00000, 0x0000000719c00000|  0%| F|  |TAMS 0x0000000719a00000| PB 0x0000000719a00000| Untracked 
| 178|0x0000000719c00000, 0x0000000719c00000, 0x0000000719e00000|  0%| F|  |TAMS 0x0000000719c00000| PB 0x0000000719c00000| Untracked 
| 179|0x0000000719e00000, 0x000000071a000000, 0x000000071a000000|100%| O|  |TAMS 0x0000000719e00000| PB 0x0000000719e00000| Untracked 
| 180|0x000000071a000000, 0x000000071a000000, 0x000000071a200000|  0%| F|  |TAMS 0x000000071a000000| PB 0x000000071a000000| Untracked 
| 181|0x000000071a200000, 0x000000071a200000, 0x000000071a400000|  0%| F|  |TAMS 0x000000071a200000| PB 0x000000071a200000| Untracked 
| 182|0x000000071a400000, 0x000000071a400000, 0x000000071a600000|  0%| F|  |TAMS 0x000000071a400000| PB 0x000000071a400000| Untracked 
| 183|0x000000071a600000, 0x000000071a600000, 0x000000071a800000|  0%| F|  |TAMS 0x000000071a600000| PB 0x000000071a600000| Untracked 
| 184|0x000000071a800000, 0x000000071a800000, 0x000000071aa00000|  0%| F|  |TAMS 0x000000071a800000| PB 0x000000071a800000| Untracked 
| 185|0x000000071aa00000, 0x000000071aa00000, 0x000000071ac00000|  0%| F|  |TAMS 0x000000071aa00000| PB 0x000000071aa00000| Untracked 
| 186|0x000000071ac00000, 0x000000071ac00000, 0x000000071ae00000|  0%| F|  |TAMS 0x000000071ac00000| PB 0x000000071ac00000| Untracked 
| 187|0x000000071ae00000, 0x000000071ae00000, 0x000000071b000000|  0%| F|  |TAMS 0x000000071ae00000| PB 0x000000071ae00000| Untracked 
| 188|0x000000071b000000, 0x000000071b000000, 0x000000071b200000|  0%| F|  |TAMS 0x000000071b000000| PB 0x000000071b000000| Untracked 
| 189|0x000000071b200000, 0x000000071b200000, 0x000000071b400000|  0%| F|  |TAMS 0x000000071b200000| PB 0x000000071b200000| Untracked 
| 190|0x000000071b400000, 0x000000071b400000, 0x000000071b600000|  0%| F|  |TAMS 0x000000071b400000| PB 0x000000071b400000| Untracked 
| 191|0x000000071b600000, 0x000000071b600000, 0x000000071b800000|  0%| F|  |TAMS 0x000000071b600000| PB 0x000000071b600000| Untracked 
| 192|0x000000071b800000, 0x000000071b800000, 0x000000071ba00000|  0%| F|  |TAMS 0x000000071b800000| PB 0x000000071b800000| Untracked 
| 193|0x000000071ba00000, 0x000000071ba00000, 0x000000071bc00000|  0%| F|  |TAMS 0x000000071ba00000| PB 0x000000071ba00000| Untracked 
| 194|0x000000071bc00000, 0x000000071bc00000, 0x000000071be00000|  0%| F|  |TAMS 0x000000071bc00000| PB 0x000000071bc00000| Untracked 
| 195|0x000000071be00000, 0x000000071be00000, 0x000000071c000000|  0%| F|  |TAMS 0x000000071be00000| PB 0x000000071be00000| Untracked 
| 196|0x000000071c000000, 0x000000071c000000, 0x000000071c200000|  0%| F|  |TAMS 0x000000071c000000| PB 0x000000071c000000| Untracked 
| 197|0x000000071c200000, 0x000000071c200000, 0x000000071c400000|  0%| F|  |TAMS 0x000000071c200000| PB 0x000000071c200000| Untracked 
| 198|0x000000071c400000, 0x000000071c400000, 0x000000071c600000|  0%| F|  |TAMS 0x000000071c400000| PB 0x000000071c400000| Untracked 
| 199|0x000000071c600000, 0x000000071c600000, 0x000000071c800000|  0%| F|  |TAMS 0x000000071c600000| PB 0x000000071c600000| Untracked 
| 200|0x000000071c800000, 0x000000071c800000, 0x000000071ca00000|  0%| F|  |TAMS 0x000000071c800000| PB 0x000000071c800000| Untracked 
| 201|0x000000071ca00000, 0x000000071ca00000, 0x000000071cc00000|  0%| F|  |TAMS 0x000000071ca00000| PB 0x000000071ca00000| Untracked 
| 202|0x000000071cc00000, 0x000000071cc00000, 0x000000071ce00000|  0%| F|  |TAMS 0x000000071cc00000| PB 0x000000071cc00000| Untracked 
| 203|0x000000071ce00000, 0x000000071ce00000, 0x000000071d000000|  0%| F|  |TAMS 0x000000071ce00000| PB 0x000000071ce00000| Untracked 
| 204|0x000000071d000000, 0x000000071d000000, 0x000000071d200000|  0%| F|  |TAMS 0x000000071d000000| PB 0x000000071d000000| Untracked 
| 205|0x000000071d200000, 0x000000071d200000, 0x000000071d400000|  0%| F|  |TAMS 0x000000071d200000| PB 0x000000071d200000| Untracked 
| 206|0x000000071d400000, 0x000000071d400000, 0x000000071d600000|  0%| F|  |TAMS 0x000000071d400000| PB 0x000000071d400000| Untracked 
| 207|0x000000071d600000, 0x000000071d600000, 0x000000071d800000|  0%| F|  |TAMS 0x000000071d600000| PB 0x000000071d600000| Untracked 
| 208|0x000000071d800000, 0x000000071d800000, 0x000000071da00000|  0%| F|  |TAMS 0x000000071d800000| PB 0x000000071d800000| Untracked 
| 209|0x000000071da00000, 0x000000071da00000, 0x000000071dc00000|  0%| F|  |TAMS 0x000000071da00000| PB 0x000000071da00000| Untracked 
| 210|0x000000071dc00000, 0x000000071dc00000, 0x000000071de00000|  0%| F|  |TAMS 0x000000071dc00000| PB 0x000000071dc00000| Untracked 
| 211|0x000000071de00000, 0x000000071de00000, 0x000000071e000000|  0%| F|  |TAMS 0x000000071de00000| PB 0x000000071de00000| Untracked 
| 212|0x000000071e000000, 0x000000071e000000, 0x000000071e200000|  0%| F|  |TAMS 0x000000071e000000| PB 0x000000071e000000| Untracked 
| 213|0x000000071e200000, 0x000000071e200000, 0x000000071e400000|  0%| F|  |TAMS 0x000000071e200000| PB 0x000000071e200000| Untracked 
| 214|0x000000071e400000, 0x000000071e400000, 0x000000071e600000|  0%| F|  |TAMS 0x000000071e400000| PB 0x000000071e400000| Untracked 
| 215|0x000000071e600000, 0x000000071e600000, 0x000000071e800000|  0%| F|  |TAMS 0x000000071e600000| PB 0x000000071e600000| Untracked 
| 216|0x000000071e800000, 0x000000071e800000, 0x000000071ea00000|  0%| F|  |TAMS 0x000000071e800000| PB 0x000000071e800000| Untracked 
| 217|0x000000071ea00000, 0x000000071ea00000, 0x000000071ec00000|  0%| F|  |TAMS 0x000000071ea00000| PB 0x000000071ea00000| Untracked 
| 218|0x000000071ec00000, 0x000000071ec00000, 0x000000071ee00000|  0%| F|  |TAMS 0x000000071ec00000| PB 0x000000071ec00000| Untracked 
| 219|0x000000071ee00000, 0x000000071ee00000, 0x000000071f000000|  0%| F|  |TAMS 0x000000071ee00000| PB 0x000000071ee00000| Untracked 
| 220|0x000000071f000000, 0x000000071f000000, 0x000000071f200000|  0%| F|  |TAMS 0x000000071f000000| PB 0x000000071f000000| Untracked 
| 221|0x000000071f200000, 0x000000071f200000, 0x000000071f400000|  0%| F|  |TAMS 0x000000071f200000| PB 0x000000071f200000| Untracked 
| 222|0x000000071f400000, 0x000000071f400000, 0x000000071f600000|  0%| F|  |TAMS 0x000000071f400000| PB 0x000000071f400000| Untracked 
| 223|0x000000071f600000, 0x000000071f600000, 0x000000071f800000|  0%| F|  |TAMS 0x000000071f600000| PB 0x000000071f600000| Untracked 
| 224|0x000000071f800000, 0x000000071f800000, 0x000000071fa00000|  0%| F|  |TAMS 0x000000071f800000| PB 0x000000071f800000| Untracked 
| 225|0x000000071fa00000, 0x000000071fa00000, 0x000000071fc00000|  0%| F|  |TAMS 0x000000071fa00000| PB 0x000000071fa00000| Untracked 
| 226|0x000000071fc00000, 0x000000071fc00000, 0x000000071fe00000|  0%| F|  |TAMS 0x000000071fc00000| PB 0x000000071fc00000| Untracked 
| 227|0x000000071fe00000, 0x000000071fe00000, 0x0000000720000000|  0%| F|  |TAMS 0x000000071fe00000| PB 0x000000071fe00000| Untracked 
| 228|0x0000000720000000, 0x0000000720000000, 0x0000000720200000|  0%| F|  |TAMS 0x0000000720000000| PB 0x0000000720000000| Untracked 
| 229|0x0000000720200000, 0x0000000720200000, 0x0000000720400000|  0%| F|  |TAMS 0x0000000720200000| PB 0x0000000720200000| Untracked 
| 230|0x0000000720400000, 0x0000000720400000, 0x0000000720600000|  0%| F|  |TAMS 0x0000000720400000| PB 0x0000000720400000| Untracked 
| 231|0x0000000720600000, 0x0000000720600000, 0x0000000720800000|  0%| F|  |TAMS 0x0000000720600000| PB 0x0000000720600000| Untracked 
| 232|0x0000000720800000, 0x0000000720800000, 0x0000000720a00000|  0%| F|  |TAMS 0x0000000720800000| PB 0x0000000720800000| Untracked 
| 233|0x0000000720a00000, 0x0000000720a00000, 0x0000000720c00000|  0%| F|  |TAMS 0x0000000720a00000| PB 0x0000000720a00000| Untracked 
| 234|0x0000000720c00000, 0x0000000720c00000, 0x0000000720e00000|  0%| F|  |TAMS 0x0000000720c00000| PB 0x0000000720c00000| Untracked 
| 235|0x0000000720e00000, 0x0000000720e00000, 0x0000000721000000|  0%| F|  |TAMS 0x0000000720e00000| PB 0x0000000720e00000| Untracked 
| 236|0x0000000721000000, 0x0000000721000000, 0x0000000721200000|  0%| F|  |TAMS 0x0000000721000000| PB 0x0000000721000000| Untracked 
| 237|0x0000000721200000, 0x0000000721200000, 0x0000000721400000|  0%| F|  |TAMS 0x0000000721200000| PB 0x0000000721200000| Untracked 
| 238|0x0000000721400000, 0x0000000721400000, 0x0000000721600000|  0%| F|  |TAMS 0x0000000721400000| PB 0x0000000721400000| Untracked 
| 239|0x0000000721600000, 0x0000000721600000, 0x0000000721800000|  0%| F|  |TAMS 0x0000000721600000| PB 0x0000000721600000| Untracked 
| 240|0x0000000721800000, 0x0000000721800000, 0x0000000721a00000|  0%| F|  |TAMS 0x0000000721800000| PB 0x0000000721800000| Untracked 
| 241|0x0000000721a00000, 0x0000000721a00000, 0x0000000721c00000|  0%| F|  |TAMS 0x0000000721a00000| PB 0x0000000721a00000| Untracked 
| 242|0x0000000721c00000, 0x0000000721c00000, 0x0000000721e00000|  0%| F|  |TAMS 0x0000000721c00000| PB 0x0000000721c00000| Untracked 
| 243|0x0000000721e00000, 0x0000000721e00000, 0x0000000722000000|  0%| F|  |TAMS 0x0000000721e00000| PB 0x0000000721e00000| Untracked 
| 244|0x0000000722000000, 0x0000000722000000, 0x0000000722200000|  0%| F|  |TAMS 0x0000000722000000| PB 0x0000000722000000| Untracked 
| 245|0x0000000722200000, 0x0000000722200000, 0x0000000722400000|  0%| F|  |TAMS 0x0000000722200000| PB 0x0000000722200000| Untracked 
| 246|0x0000000722400000, 0x0000000722400000, 0x0000000722600000|  0%| F|  |TAMS 0x0000000722400000| PB 0x0000000722400000| Untracked 
| 247|0x0000000722600000, 0x0000000722600000, 0x0000000722800000|  0%| F|  |TAMS 0x0000000722600000| PB 0x0000000722600000| Untracked 
| 248|0x0000000722800000, 0x0000000722800000, 0x0000000722a00000|  0%| F|  |TAMS 0x0000000722800000| PB 0x0000000722800000| Untracked 
| 249|0x0000000722a00000, 0x0000000722a00000, 0x0000000722c00000|  0%| F|  |TAMS 0x0000000722a00000| PB 0x0000000722a00000| Untracked 
| 250|0x0000000722c00000, 0x0000000722c00000, 0x0000000722e00000|  0%| F|  |TAMS 0x0000000722c00000| PB 0x0000000722c00000| Untracked 
| 251|0x0000000722e00000, 0x0000000722e00000, 0x0000000723000000|  0%| F|  |TAMS 0x0000000722e00000| PB 0x0000000722e00000| Untracked 
| 252|0x0000000723000000, 0x0000000723000000, 0x0000000723200000|  0%| F|  |TAMS 0x0000000723000000| PB 0x0000000723000000| Untracked 
| 253|0x0000000723200000, 0x0000000723200000, 0x0000000723400000|  0%| F|  |TAMS 0x0000000723200000| PB 0x0000000723200000| Untracked 
| 254|0x0000000723400000, 0x0000000723400000, 0x0000000723600000|  0%| F|  |TAMS 0x0000000723400000| PB 0x0000000723400000| Untracked 
| 255|0x0000000723600000, 0x0000000723600000, 0x0000000723800000|  0%| F|  |TAMS 0x0000000723600000| PB 0x0000000723600000| Untracked 
| 256|0x0000000723800000, 0x0000000723800000, 0x0000000723a00000|  0%| F|  |TAMS 0x0000000723800000| PB 0x0000000723800000| Untracked 
| 257|0x0000000723a00000, 0x0000000723a00000, 0x0000000723c00000|  0%| F|  |TAMS 0x0000000723a00000| PB 0x0000000723a00000| Untracked 
| 258|0x0000000723c00000, 0x0000000723c00000, 0x0000000723e00000|  0%| F|  |TAMS 0x0000000723c00000| PB 0x0000000723c00000| Untracked 
| 259|0x0000000723e00000, 0x0000000723e00000, 0x0000000724000000|  0%| F|  |TAMS 0x0000000723e00000| PB 0x0000000723e00000| Untracked 
| 260|0x0000000724000000, 0x0000000724000000, 0x0000000724200000|  0%| F|  |TAMS 0x0000000724000000| PB 0x0000000724000000| Untracked 
| 261|0x0000000724200000, 0x0000000724200000, 0x0000000724400000|  0%| F|  |TAMS 0x0000000724200000| PB 0x0000000724200000| Untracked 
| 262|0x0000000724400000, 0x0000000724400000, 0x0000000724600000|  0%| F|  |TAMS 0x0000000724400000| PB 0x0000000724400000| Untracked 
| 263|0x0000000724600000, 0x0000000724600000, 0x0000000724800000|  0%| F|  |TAMS 0x0000000724600000| PB 0x0000000724600000| Untracked 
| 264|0x0000000724800000, 0x0000000724800000, 0x0000000724a00000|  0%| F|  |TAMS 0x0000000724800000| PB 0x0000000724800000| Untracked 
| 265|0x0000000724a00000, 0x0000000724a00000, 0x0000000724c00000|  0%| F|  |TAMS 0x0000000724a00000| PB 0x0000000724a00000| Untracked 
| 266|0x0000000724c00000, 0x0000000724c00000, 0x0000000724e00000|  0%| F|  |TAMS 0x0000000724c00000| PB 0x0000000724c00000| Untracked 
| 267|0x0000000724e00000, 0x0000000724e00000, 0x0000000725000000|  0%| F|  |TAMS 0x0000000724e00000| PB 0x0000000724e00000| Untracked 
| 268|0x0000000725000000, 0x0000000725000000, 0x0000000725200000|  0%| F|  |TAMS 0x0000000725000000| PB 0x0000000725000000| Untracked 
| 269|0x0000000725200000, 0x0000000725200000, 0x0000000725400000|  0%| F|  |TAMS 0x0000000725200000| PB 0x0000000725200000| Untracked 
| 270|0x0000000725400000, 0x0000000725400000, 0x0000000725600000|  0%| F|  |TAMS 0x0000000725400000| PB 0x0000000725400000| Untracked 
| 271|0x0000000725600000, 0x0000000725600000, 0x0000000725800000|  0%| F|  |TAMS 0x0000000725600000| PB 0x0000000725600000| Untracked 
| 272|0x0000000725800000, 0x0000000725800000, 0x0000000725a00000|  0%| F|  |TAMS 0x0000000725800000| PB 0x0000000725800000| Untracked 
| 273|0x0000000725a00000, 0x0000000725a00000, 0x0000000725c00000|  0%| F|  |TAMS 0x0000000725a00000| PB 0x0000000725a00000| Untracked 
| 274|0x0000000725c00000, 0x0000000725c00000, 0x0000000725e00000|  0%| F|  |TAMS 0x0000000725c00000| PB 0x0000000725c00000| Untracked 
| 275|0x0000000725e00000, 0x0000000725e00000, 0x0000000726000000|  0%| F|  |TAMS 0x0000000725e00000| PB 0x0000000725e00000| Untracked 
| 276|0x0000000726000000, 0x0000000726000000, 0x0000000726200000|  0%| F|  |TAMS 0x0000000726000000| PB 0x0000000726000000| Untracked 
| 277|0x0000000726200000, 0x0000000726200000, 0x0000000726400000|  0%| F|  |TAMS 0x0000000726200000| PB 0x0000000726200000| Untracked 
| 278|0x0000000726400000, 0x0000000726400000, 0x0000000726600000|  0%| F|  |TAMS 0x0000000726400000| PB 0x0000000726400000| Untracked 
| 279|0x0000000726600000, 0x0000000726600000, 0x0000000726800000|  0%| F|  |TAMS 0x0000000726600000| PB 0x0000000726600000| Untracked 
| 280|0x0000000726800000, 0x0000000726800000, 0x0000000726a00000|  0%| F|  |TAMS 0x0000000726800000| PB 0x0000000726800000| Untracked 
| 281|0x0000000726a00000, 0x0000000726a00000, 0x0000000726c00000|  0%| F|  |TAMS 0x0000000726a00000| PB 0x0000000726a00000| Untracked 
| 282|0x0000000726c00000, 0x0000000726c00000, 0x0000000726e00000|  0%| F|  |TAMS 0x0000000726c00000| PB 0x0000000726c00000| Untracked 
| 283|0x0000000726e00000, 0x0000000726e00000, 0x0000000727000000|  0%| F|  |TAMS 0x0000000726e00000| PB 0x0000000726e00000| Untracked 
| 284|0x0000000727000000, 0x0000000727000000, 0x0000000727200000|  0%| F|  |TAMS 0x0000000727000000| PB 0x0000000727000000| Untracked 
| 285|0x0000000727200000, 0x0000000727200000, 0x0000000727400000|  0%| F|  |TAMS 0x0000000727200000| PB 0x0000000727200000| Untracked 
| 286|0x0000000727400000, 0x0000000727400000, 0x0000000727600000|  0%| F|  |TAMS 0x0000000727400000| PB 0x0000000727400000| Untracked 
| 287|0x0000000727600000, 0x0000000727600000, 0x0000000727800000|  0%| F|  |TAMS 0x0000000727600000| PB 0x0000000727600000| Untracked 
| 288|0x0000000727800000, 0x0000000727800000, 0x0000000727a00000|  0%| F|  |TAMS 0x0000000727800000| PB 0x0000000727800000| Untracked 
| 289|0x0000000727a00000, 0x0000000727a00000, 0x0000000727c00000|  0%| F|  |TAMS 0x0000000727a00000| PB 0x0000000727a00000| Untracked 
| 290|0x0000000727c00000, 0x0000000727c00000, 0x0000000727e00000|  0%| F|  |TAMS 0x0000000727c00000| PB 0x0000000727c00000| Untracked 
| 291|0x0000000727e00000, 0x0000000727e00000, 0x0000000728000000|  0%| F|  |TAMS 0x0000000727e00000| PB 0x0000000727e00000| Untracked 
| 292|0x0000000728000000, 0x0000000728000000, 0x0000000728200000|  0%| F|  |TAMS 0x0000000728000000| PB 0x0000000728000000| Untracked 
| 293|0x0000000728200000, 0x0000000728200000, 0x0000000728400000|  0%| F|  |TAMS 0x0000000728200000| PB 0x0000000728200000| Untracked 
| 294|0x0000000728400000, 0x0000000728400000, 0x0000000728600000|  0%| F|  |TAMS 0x0000000728400000| PB 0x0000000728400000| Untracked 
| 295|0x0000000728600000, 0x0000000728600000, 0x0000000728800000|  0%| F|  |TAMS 0x0000000728600000| PB 0x0000000728600000| Untracked 
| 296|0x0000000728800000, 0x0000000728800000, 0x0000000728a00000|  0%| F|  |TAMS 0x0000000728800000| PB 0x0000000728800000| Untracked 
| 297|0x0000000728a00000, 0x0000000728a00000, 0x0000000728c00000|  0%| F|  |TAMS 0x0000000728a00000| PB 0x0000000728a00000| Untracked 
| 298|0x0000000728c00000, 0x0000000728c00000, 0x0000000728e00000|  0%| F|  |TAMS 0x0000000728c00000| PB 0x0000000728c00000| Untracked 
| 299|0x0000000728e00000, 0x0000000728e00000, 0x0000000729000000|  0%| F|  |TAMS 0x0000000728e00000| PB 0x0000000728e00000| Untracked 
| 300|0x0000000729000000, 0x0000000729000000, 0x0000000729200000|  0%| F|  |TAMS 0x0000000729000000| PB 0x0000000729000000| Untracked 
| 301|0x0000000729200000, 0x0000000729200000, 0x0000000729400000|  0%| F|  |TAMS 0x0000000729200000| PB 0x0000000729200000| Untracked 
| 302|0x0000000729400000, 0x0000000729400000, 0x0000000729600000|  0%| F|  |TAMS 0x0000000729400000| PB 0x0000000729400000| Untracked 
| 303|0x0000000729600000, 0x0000000729600000, 0x0000000729800000|  0%| F|  |TAMS 0x0000000729600000| PB 0x0000000729600000| Untracked 
| 304|0x0000000729800000, 0x0000000729800000, 0x0000000729a00000|  0%| F|  |TAMS 0x0000000729800000| PB 0x0000000729800000| Untracked 
| 305|0x0000000729a00000, 0x0000000729a00000, 0x0000000729c00000|  0%| F|  |TAMS 0x0000000729a00000| PB 0x0000000729a00000| Untracked 
| 306|0x0000000729c00000, 0x0000000729c00000, 0x0000000729e00000|  0%| F|  |TAMS 0x0000000729c00000| PB 0x0000000729c00000| Untracked 
| 307|0x0000000729e00000, 0x0000000729e00000, 0x000000072a000000|  0%| F|  |TAMS 0x0000000729e00000| PB 0x0000000729e00000| Untracked 
| 308|0x000000072a000000, 0x000000072a000000, 0x000000072a200000|  0%| F|  |TAMS 0x000000072a000000| PB 0x000000072a000000| Untracked 
| 309|0x000000072a200000, 0x000000072a200000, 0x000000072a400000|  0%| F|  |TAMS 0x000000072a200000| PB 0x000000072a200000| Untracked 
| 310|0x000000072a400000, 0x000000072a400000, 0x000000072a600000|  0%| F|  |TAMS 0x000000072a400000| PB 0x000000072a400000| Untracked 
| 311|0x000000072a600000, 0x000000072a600000, 0x000000072a800000|  0%| F|  |TAMS 0x000000072a600000| PB 0x000000072a600000| Untracked 
| 312|0x000000072a800000, 0x000000072a800000, 0x000000072aa00000|  0%| F|  |TAMS 0x000000072a800000| PB 0x000000072a800000| Untracked 
| 313|0x000000072aa00000, 0x000000072aa00000, 0x000000072ac00000|  0%| F|  |TAMS 0x000000072aa00000| PB 0x000000072aa00000| Untracked 
| 314|0x000000072ac00000, 0x000000072ac00000, 0x000000072ae00000|  0%| F|  |TAMS 0x000000072ac00000| PB 0x000000072ac00000| Untracked 
| 315|0x000000072ae00000, 0x000000072ae00000, 0x000000072b000000|  0%| F|  |TAMS 0x000000072ae00000| PB 0x000000072ae00000| Untracked 
| 316|0x000000072b000000, 0x000000072b000000, 0x000000072b200000|  0%| F|  |TAMS 0x000000072b000000| PB 0x000000072b000000| Untracked 
| 317|0x000000072b200000, 0x000000072b200000, 0x000000072b400000|  0%| F|  |TAMS 0x000000072b200000| PB 0x000000072b200000| Untracked 
| 318|0x000000072b400000, 0x000000072b400000, 0x000000072b600000|  0%| F|  |TAMS 0x000000072b400000| PB 0x000000072b400000| Untracked 
| 319|0x000000072b600000, 0x000000072b600000, 0x000000072b800000|  0%| F|  |TAMS 0x000000072b600000| PB 0x000000072b600000| Untracked 
| 320|0x000000072b800000, 0x000000072b800000, 0x000000072ba00000|  0%| F|  |TAMS 0x000000072b800000| PB 0x000000072b800000| Untracked 
| 321|0x000000072ba00000, 0x000000072ba00000, 0x000000072bc00000|  0%| F|  |TAMS 0x000000072ba00000| PB 0x000000072ba00000| Untracked 
| 322|0x000000072bc00000, 0x000000072bc00000, 0x000000072be00000|  0%| F|  |TAMS 0x000000072bc00000| PB 0x000000072bc00000| Untracked 
| 323|0x000000072be00000, 0x000000072be00000, 0x000000072c000000|  0%| F|  |TAMS 0x000000072be00000| PB 0x000000072be00000| Untracked 
| 324|0x000000072c000000, 0x000000072c000000, 0x000000072c200000|  0%| F|  |TAMS 0x000000072c000000| PB 0x000000072c000000| Untracked 
| 325|0x000000072c200000, 0x000000072c200000, 0x000000072c400000|  0%| F|  |TAMS 0x000000072c200000| PB 0x000000072c200000| Untracked 
| 326|0x000000072c400000, 0x000000072c400000, 0x000000072c600000|  0%| F|  |TAMS 0x000000072c400000| PB 0x000000072c400000| Untracked 
| 327|0x000000072c600000, 0x000000072c6e59c8, 0x000000072c800000| 44%| E|  |TAMS 0x000000072c600000| PB 0x000000072c600000| Complete 
| 328|0x000000072c800000, 0x000000072ca00000, 0x000000072ca00000|100%| E|CS|TAMS 0x000000072c800000| PB 0x000000072c800000| Complete 
| 329|0x000000072ca00000, 0x000000072cc00000, 0x000000072cc00000|100%| E|CS|TAMS 0x000000072ca00000| PB 0x000000072ca00000| Complete 
| 330|0x000000072cc00000, 0x000000072ce00000, 0x000000072ce00000|100%| E|CS|TAMS 0x000000072cc00000| PB 0x000000072cc00000| Complete 
| 331|0x000000072ce00000, 0x000000072d000000, 0x000000072d000000|100%| E|CS|TAMS 0x000000072ce00000| PB 0x000000072ce00000| Complete 
| 332|0x000000072d000000, 0x000000072d200000, 0x000000072d200000|100%| E|CS|TAMS 0x000000072d000000| PB 0x000000072d000000| Complete 
| 333|0x000000072d200000, 0x000000072d400000, 0x000000072d400000|100%| E|CS|TAMS 0x000000072d200000| PB 0x000000072d200000| Complete 
| 334|0x000000072d400000, 0x000000072d600000, 0x000000072d600000|100%| E|CS|TAMS 0x000000072d400000| PB 0x000000072d400000| Complete 
| 335|0x000000072d600000, 0x000000072d800000, 0x000000072d800000|100%| E|CS|TAMS 0x000000072d600000| PB 0x000000072d600000| Complete 
| 336|0x000000072d800000, 0x000000072da00000, 0x000000072da00000|100%| E|CS|TAMS 0x000000072d800000| PB 0x000000072d800000| Complete 
| 337|0x000000072da00000, 0x000000072dc00000, 0x000000072dc00000|100%| E|CS|TAMS 0x000000072da00000| PB 0x000000072da00000| Complete 
| 338|0x000000072dc00000, 0x000000072de00000, 0x000000072de00000|100%| E|CS|TAMS 0x000000072dc00000| PB 0x000000072dc00000| Complete 
| 339|0x000000072de00000, 0x000000072e000000, 0x000000072e000000|100%| E|CS|TAMS 0x000000072de00000| PB 0x000000072de00000| Complete 
| 340|0x000000072e000000, 0x000000072e200000, 0x000000072e200000|100%| E|CS|TAMS 0x000000072e000000| PB 0x000000072e000000| Complete 
| 341|0x000000072e200000, 0x000000072e400000, 0x000000072e400000|100%| E|CS|TAMS 0x000000072e200000| PB 0x000000072e200000| Complete 
| 342|0x000000072e400000, 0x000000072e600000, 0x000000072e600000|100%| E|CS|TAMS 0x000000072e400000| PB 0x000000072e400000| Complete 
| 343|0x000000072e600000, 0x000000072e800000, 0x000000072e800000|100%| E|CS|TAMS 0x000000072e600000| PB 0x000000072e600000| Complete 
| 344|0x000000072e800000, 0x000000072ea00000, 0x000000072ea00000|100%| E|CS|TAMS 0x000000072e800000| PB 0x000000072e800000| Complete 
| 345|0x000000072ea00000, 0x000000072ec00000, 0x000000072ec00000|100%| E|CS|TAMS 0x000000072ea00000| PB 0x000000072ea00000| Complete 
| 346|0x000000072ec00000, 0x000000072ee00000, 0x000000072ee00000|100%| E|CS|TAMS 0x000000072ec00000| PB 0x000000072ec00000| Complete 
| 347|0x000000072ee00000, 0x000000072f000000, 0x000000072f000000|100%| E|CS|TAMS 0x000000072ee00000| PB 0x000000072ee00000| Complete 
| 348|0x000000072f000000, 0x000000072f200000, 0x000000072f200000|100%| E|CS|TAMS 0x000000072f000000| PB 0x000000072f000000| Complete 
| 349|0x000000072f200000, 0x000000072f400000, 0x000000072f400000|100%| E|CS|TAMS 0x000000072f200000| PB 0x000000072f200000| Complete 
| 350|0x000000072f400000, 0x000000072f600000, 0x000000072f600000|100%| E|CS|TAMS 0x000000072f400000| PB 0x000000072f400000| Complete 
| 351|0x000000072f600000, 0x000000072f800000, 0x000000072f800000|100%| E|CS|TAMS 0x000000072f600000| PB 0x000000072f600000| Complete 
| 352|0x000000072f800000, 0x000000072fa00000, 0x000000072fa00000|100%| E|CS|TAMS 0x000000072f800000| PB 0x000000072f800000| Complete 
| 353|0x000000072fa00000, 0x000000072fc00000, 0x000000072fc00000|100%| E|CS|TAMS 0x000000072fa00000| PB 0x000000072fa00000| Complete 
| 354|0x000000072fc00000, 0x000000072fe00000, 0x000000072fe00000|100%| E|CS|TAMS 0x000000072fc00000| PB 0x000000072fc00000| Complete 
| 355|0x000000072fe00000, 0x0000000730000000, 0x0000000730000000|100%| E|CS|TAMS 0x000000072fe00000| PB 0x000000072fe00000| Complete 
| 356|0x0000000730000000, 0x0000000730200000, 0x0000000730200000|100%| E|CS|TAMS 0x0000000730000000| PB 0x0000000730000000| Complete 
| 357|0x0000000730200000, 0x0000000730400000, 0x0000000730400000|100%| E|CS|TAMS 0x0000000730200000| PB 0x0000000730200000| Complete 
| 358|0x0000000730400000, 0x0000000730600000, 0x0000000730600000|100%| E|CS|TAMS 0x0000000730400000| PB 0x0000000730400000| Complete 
| 359|0x0000000730600000, 0x0000000730800000, 0x0000000730800000|100%| E|CS|TAMS 0x0000000730600000| PB 0x0000000730600000| Complete 
| 360|0x0000000730800000, 0x0000000730a00000, 0x0000000730a00000|100%| E|CS|TAMS 0x0000000730800000| PB 0x0000000730800000| Complete 
| 361|0x0000000730a00000, 0x0000000730c00000, 0x0000000730c00000|100%| E|CS|TAMS 0x0000000730a00000| PB 0x0000000730a00000| Complete 
| 362|0x0000000730c00000, 0x0000000730e00000, 0x0000000730e00000|100%| E|CS|TAMS 0x0000000730c00000| PB 0x0000000730c00000| Complete 
| 363|0x0000000730e00000, 0x0000000731000000, 0x0000000731000000|100%| E|CS|TAMS 0x0000000730e00000| PB 0x0000000730e00000| Complete 
| 364|0x0000000731000000, 0x0000000731200000, 0x0000000731200000|100%| E|CS|TAMS 0x0000000731000000| PB 0x0000000731000000| Complete 
| 365|0x0000000731200000, 0x0000000731400000, 0x0000000731400000|100%| E|CS|TAMS 0x0000000731200000| PB 0x0000000731200000| Complete 
| 366|0x0000000731400000, 0x0000000731600000, 0x0000000731600000|100%| E|CS|TAMS 0x0000000731400000| PB 0x0000000731400000| Complete 
| 367|0x0000000731600000, 0x0000000731800000, 0x0000000731800000|100%| E|CS|TAMS 0x0000000731600000| PB 0x0000000731600000| Complete 
| 368|0x0000000731800000, 0x0000000731a00000, 0x0000000731a00000|100%| E|CS|TAMS 0x0000000731800000| PB 0x0000000731800000| Complete 
| 369|0x0000000731a00000, 0x0000000731afad60, 0x0000000731c00000| 48%| S|CS|TAMS 0x0000000731a00000| PB 0x0000000731a00000| Complete 
| 370|0x0000000731c00000, 0x0000000731e00000, 0x0000000731e00000|100%| S|CS|TAMS 0x0000000731c00000| PB 0x0000000731c00000| Complete 
| 371|0x0000000731e00000, 0x0000000732000000, 0x0000000732000000|100%| S|CS|TAMS 0x0000000731e00000| PB 0x0000000731e00000| Complete 
| 372|0x0000000732000000, 0x0000000732200000, 0x0000000732200000|100%| S|CS|TAMS 0x0000000732000000| PB 0x0000000732000000| Complete 
| 373|0x0000000732200000, 0x0000000732400000, 0x0000000732400000|100%| S|CS|TAMS 0x0000000732200000| PB 0x0000000732200000| Complete 
| 374|0x0000000732400000, 0x0000000732600000, 0x0000000732600000|100%| S|CS|TAMS 0x0000000732400000| PB 0x0000000732400000| Complete 
| 375|0x0000000732600000, 0x0000000732800000, 0x0000000732800000|100%| S|CS|TAMS 0x0000000732600000| PB 0x0000000732600000| Complete 
| 376|0x0000000732800000, 0x0000000732a00000, 0x0000000732a00000|100%| S|CS|TAMS 0x0000000732800000| PB 0x0000000732800000| Complete 
| 377|0x0000000732a00000, 0x0000000732c00000, 0x0000000732c00000|100%| S|CS|TAMS 0x0000000732a00000| PB 0x0000000732a00000| Complete 
| 378|0x0000000732c00000, 0x0000000732e00000, 0x0000000732e00000|100%| S|CS|TAMS 0x0000000732c00000| PB 0x0000000732c00000| Complete 
| 379|0x0000000732e00000, 0x0000000733000000, 0x0000000733000000|100%| S|CS|TAMS 0x0000000732e00000| PB 0x0000000732e00000| Complete 
| 380|0x0000000733000000, 0x0000000733200000, 0x0000000733200000|100%| S|CS|TAMS 0x0000000733000000| PB 0x0000000733000000| Complete 
| 381|0x0000000733200000, 0x0000000733400000, 0x0000000733400000|100%| S|CS|TAMS 0x0000000733200000| PB 0x0000000733200000| Complete 
| 382|0x0000000733400000, 0x0000000733600000, 0x0000000733600000|100%| S|CS|TAMS 0x0000000733400000| PB 0x0000000733400000| Complete 
| 383|0x0000000733600000, 0x0000000733800000, 0x0000000733800000|100%| S|CS|TAMS 0x0000000733600000| PB 0x0000000733600000| Complete 
| 384|0x0000000733800000, 0x0000000733a00000, 0x0000000733a00000|100%| S|CS|TAMS 0x0000000733800000| PB 0x0000000733800000| Complete 
| 385|0x0000000733a00000, 0x0000000733c00000, 0x0000000733c00000|100%| E|CS|TAMS 0x0000000733a00000| PB 0x0000000733a00000| Complete 
| 386|0x0000000733c00000, 0x0000000733e00000, 0x0000000733e00000|100%| E|CS|TAMS 0x0000000733c00000| PB 0x0000000733c00000| Complete 
| 387|0x0000000733e00000, 0x0000000734000000, 0x0000000734000000|100%| E|CS|TAMS 0x0000000733e00000| PB 0x0000000733e00000| Complete 
| 388|0x0000000734000000, 0x0000000734200000, 0x0000000734200000|100%| E|CS|TAMS 0x0000000734000000| PB 0x0000000734000000| Complete 
| 389|0x0000000734200000, 0x0000000734400000, 0x0000000734400000|100%| E|CS|TAMS 0x0000000734200000| PB 0x0000000734200000| Complete 
| 390|0x0000000734400000, 0x0000000734600000, 0x0000000734600000|100%| E|CS|TAMS 0x0000000734400000| PB 0x0000000734400000| Complete 
| 391|0x0000000734600000, 0x0000000734800000, 0x0000000734800000|100%| E|CS|TAMS 0x0000000734600000| PB 0x0000000734600000| Complete 
| 392|0x0000000734800000, 0x0000000734a00000, 0x0000000734a00000|100%| E|CS|TAMS 0x0000000734800000| PB 0x0000000734800000| Complete 
| 393|0x0000000734a00000, 0x0000000734c00000, 0x0000000734c00000|100%| E|CS|TAMS 0x0000000734a00000| PB 0x0000000734a00000| Complete 
| 394|0x0000000734c00000, 0x0000000734e00000, 0x0000000734e00000|100%| E|CS|TAMS 0x0000000734c00000| PB 0x0000000734c00000| Complete 
| 395|0x0000000734e00000, 0x0000000735000000, 0x0000000735000000|100%| E|CS|TAMS 0x0000000734e00000| PB 0x0000000734e00000| Complete 
| 396|0x0000000735000000, 0x0000000735200000, 0x0000000735200000|100%| E|CS|TAMS 0x0000000735000000| PB 0x0000000735000000| Complete 
| 397|0x0000000735200000, 0x0000000735400000, 0x0000000735400000|100%| E|CS|TAMS 0x0000000735200000| PB 0x0000000735200000| Complete 
| 398|0x0000000735400000, 0x0000000735600000, 0x0000000735600000|100%| E|CS|TAMS 0x0000000735400000| PB 0x0000000735400000| Complete 
| 399|0x0000000735600000, 0x0000000735800000, 0x0000000735800000|100%| E|CS|TAMS 0x0000000735600000| PB 0x0000000735600000| Complete 
| 400|0x0000000735800000, 0x0000000735a00000, 0x0000000735a00000|100%| E|CS|TAMS 0x0000000735800000| PB 0x0000000735800000| Complete 
| 401|0x0000000735a00000, 0x0000000735c00000, 0x0000000735c00000|100%| E|CS|TAMS 0x0000000735a00000| PB 0x0000000735a00000| Complete 
| 402|0x0000000735c00000, 0x0000000735e00000, 0x0000000735e00000|100%| E|CS|TAMS 0x0000000735c00000| PB 0x0000000735c00000| Complete 
| 403|0x0000000735e00000, 0x0000000736000000, 0x0000000736000000|100%| E|CS|TAMS 0x0000000735e00000| PB 0x0000000735e00000| Complete 
| 404|0x0000000736000000, 0x0000000736200000, 0x0000000736200000|100%| E|CS|TAMS 0x0000000736000000| PB 0x0000000736000000| Complete 
| 405|0x0000000736200000, 0x0000000736400000, 0x0000000736400000|100%| E|CS|TAMS 0x0000000736200000| PB 0x0000000736200000| Complete 
| 406|0x0000000736400000, 0x0000000736600000, 0x0000000736600000|100%| E|CS|TAMS 0x0000000736400000| PB 0x0000000736400000| Complete 
| 407|0x0000000736600000, 0x0000000736800000, 0x0000000736800000|100%| E|CS|TAMS 0x0000000736600000| PB 0x0000000736600000| Complete 
| 408|0x0000000736800000, 0x0000000736a00000, 0x0000000736a00000|100%| E|CS|TAMS 0x0000000736800000| PB 0x0000000736800000| Complete 
| 409|0x0000000736a00000, 0x0000000736c00000, 0x0000000736c00000|100%| E|CS|TAMS 0x0000000736a00000| PB 0x0000000736a00000| Complete 
| 410|0x0000000736c00000, 0x0000000736e00000, 0x0000000736e00000|100%| E|CS|TAMS 0x0000000736c00000| PB 0x0000000736c00000| Complete 
| 411|0x0000000736e00000, 0x0000000737000000, 0x0000000737000000|100%| E|CS|TAMS 0x0000000736e00000| PB 0x0000000736e00000| Complete 
| 412|0x0000000737000000, 0x0000000737200000, 0x0000000737200000|100%| E|CS|TAMS 0x0000000737000000| PB 0x0000000737000000| Complete 
| 413|0x0000000737200000, 0x0000000737400000, 0x0000000737400000|100%| E|CS|TAMS 0x0000000737200000| PB 0x0000000737200000| Complete 
| 414|0x0000000737400000, 0x0000000737600000, 0x0000000737600000|100%| E|CS|TAMS 0x0000000737400000| PB 0x0000000737400000| Complete 
| 415|0x0000000737600000, 0x0000000737800000, 0x0000000737800000|100%| E|CS|TAMS 0x0000000737600000| PB 0x0000000737600000| Complete 
| 416|0x0000000737800000, 0x0000000737a00000, 0x0000000737a00000|100%| E|CS|TAMS 0x0000000737800000| PB 0x0000000737800000| Complete 
| 417|0x0000000737a00000, 0x0000000737c00000, 0x0000000737c00000|100%| E|CS|TAMS 0x0000000737a00000| PB 0x0000000737a00000| Complete 
| 418|0x0000000737c00000, 0x0000000737e00000, 0x0000000737e00000|100%| E|CS|TAMS 0x0000000737c00000| PB 0x0000000737c00000| Complete 
| 419|0x0000000737e00000, 0x0000000738000000, 0x0000000738000000|100%| E|CS|TAMS 0x0000000737e00000| PB 0x0000000737e00000| Complete 
| 420|0x0000000738000000, 0x0000000738200000, 0x0000000738200000|100%| E|CS|TAMS 0x0000000738000000| PB 0x0000000738000000| Complete 
| 421|0x0000000738200000, 0x0000000738400000, 0x0000000738400000|100%| E|CS|TAMS 0x0000000738200000| PB 0x0000000738200000| Complete 
| 422|0x0000000738400000, 0x0000000738600000, 0x0000000738600000|100%| E|CS|TAMS 0x0000000738400000| PB 0x0000000738400000| Complete 
| 423|0x0000000738600000, 0x0000000738800000, 0x0000000738800000|100%| E|CS|TAMS 0x0000000738600000| PB 0x0000000738600000| Complete 
| 424|0x0000000738800000, 0x0000000738a00000, 0x0000000738a00000|100%| E|CS|TAMS 0x0000000738800000| PB 0x0000000738800000| Complete 
| 425|0x0000000738a00000, 0x0000000738c00000, 0x0000000738c00000|100%| E|CS|TAMS 0x0000000738a00000| PB 0x0000000738a00000| Complete 
| 426|0x0000000738c00000, 0x0000000738e00000, 0x0000000738e00000|100%| E|CS|TAMS 0x0000000738c00000| PB 0x0000000738c00000| Complete 
|2009|0x00000007fea00000, 0x00000007fec00000, 0x00000007fec00000|100%| E|CS|TAMS 0x00000007fea00000| PB 0x00000007fea00000| Complete 
|2010|0x00000007fec00000, 0x00000007fee00000, 0x00000007fee00000|100%| E|CS|TAMS 0x00000007fec00000| PB 0x00000007fec00000| Complete 
|2011|0x00000007fee00000, 0x00000007ff000000, 0x00000007ff000000|100%| E|CS|TAMS 0x00000007fee00000| PB 0x00000007fee00000| Complete 
|2012|0x00000007ff000000, 0x00000007ff200000, 0x00000007ff200000|100%| E|CS|TAMS 0x00000007ff000000| PB 0x00000007ff000000| Complete 
|2013|0x00000007ff200000, 0x00000007ff400000, 0x00000007ff400000|100%| E|CS|TAMS 0x00000007ff200000| PB 0x00000007ff200000| Complete 
|2014|0x00000007ff400000, 0x00000007ff600000, 0x00000007ff600000|100%| O|  |TAMS 0x00000007ff400000| PB 0x00000007ff400000| Untracked 
|2015|0x00000007ff600000, 0x00000007ff800000, 0x00000007ff800000|100%| E|CS|TAMS 0x00000007ff600000| PB 0x00000007ff600000| Complete 
|2016|0x00000007ff800000, 0x00000007ffa00000, 0x00000007ffa00000|100%| O|  |TAMS 0x00000007ff800000| PB 0x00000007ff800000| Untracked 
|2017|0x00000007ffa00000, 0x00000007ffc00000, 0x00000007ffc00000|100%| O|  |TAMS 0x00000007ffa00000| PB 0x00000007ffa00000| Untracked 
|2018|0x00000007ffc00000, 0x00000007ffe00000, 0x00000007ffe00000|100%| O|  |TAMS 0x00000007ffc00000| PB 0x00000007ffc00000| Untracked 
|2019|0x00000007ffe00000, 0x0000000800000000, 0x0000000800000000|100%| O|  |TAMS 0x00000007ffe00000| PB 0x00000007ffe00000| Untracked 

Card table byte_map: [0x000001f7bca40000,0x000001f7bd230000] _byte_map_base: 0x000001f7b9224000

Marking Bits: (CMBitMap*) 0x000001f7a9b6cb60
 Bits: [0x000001f7bd230000, 0x000001f7c1150000)

Polling page: 0x000001f7a78d0000

Metaspace:

Usage:
  Non-class:     74.49 MB used.
      Class:      8.96 MB used.
       Both:     83.46 MB used.

Virtual space:
  Non-class space:      128.00 MB reserved,      75.44 MB ( 59%) committed,  2 nodes.
      Class space:        1.00 GB reserved,       9.75 MB ( <1%) committed,  1 nodes.
             Both:        1.12 GB reserved,      85.19 MB (  7%) committed. 

Chunk freelists:
   Non-Class:  3.89 MB
       Class:  6.30 MB
        Both:  10.19 MB

MaxMetaspaceSize: unlimited
CompressedClassSpaceSize: 1.00 GB
Initial GC threshold: 21.00 MB
Current GC threshold: 121.50 MB
CDS: on
 - commit_granule_bytes: 65536.
 - commit_granule_words: 8192.
 - virtual_space_node_default_size: 8388608.
 - enlarge_chunks_in_place: 1.
 - use_allocation_guard: 0.


Internal statistics:

num_allocs_failed_limit: 8.
num_arena_births: 1552.
num_arena_deaths: 40.
num_vsnodes_births: 3.
num_vsnodes_deaths: 0.
num_space_committed: 1363.
num_space_uncommitted: 0.
num_chunks_returned_to_freelist: 59.
num_chunks_taken_from_freelist: 5565.
num_chunk_merges: 16.
num_chunk_splits: 3372.
num_chunks_enlarged: 1888.
num_inconsistent_stats: 0.

CodeHeap 'non-profiled nmethods': size=120000Kb used=13561Kb max_used=13561Kb free=106438Kb
 bounds [0x000001f7b47d0000, 0x000001f7b5510000, 0x000001f7bbd00000]
CodeHeap 'profiled nmethods': size=120000Kb used=35148Kb max_used=35148Kb free=84851Kb
 bounds [0x000001f7acd00000, 0x000001f7aef60000, 0x000001f7b4230000]
CodeHeap 'non-nmethods': size=5760Kb used=1731Kb max_used=1854Kb free=4028Kb
 bounds [0x000001f7b4230000, 0x000001f7b44a0000, 0x000001f7b47d0000]
CodeCache: size=245760Kb, used=50440Kb, max_used=50563Kb, free=195317Kb
 total_blobs=15964, nmethods=15098, adapters=767, full_count=0
Compilation: enabled, stopped_count=0, restarted_count=0

Compilation events (20 events):
Event: 7799.028 Thread 0x000001f7c3e08f80 17499   !   3       java.lang.ref.ReferenceQueue::remove (61 bytes)
Event: 7799.032 Thread 0x000001f7c3e08f80 nmethod 17499 0x000001f7aef4ae10 code [0x000001f7aef4b0a0, 0x000001f7aef4bc50]
Event: 7889.050 Thread 0x000001f7c3e08f80 17500       1       com.sun.jna.internal.Cleaner::access$200 (5 bytes)
Event: 7889.051 Thread 0x000001f7c3e08f80 nmethod 17500 0x000001f7b550df90 code [0x000001f7b550e120, 0x000001f7b550e1d0]
Event: 7897.990 Thread 0x000001f7c3e08f80 17501       3       java.lang.ProcessHandleImpl::get (51 bytes)
Event: 7897.991 Thread 0x000001f7c3e08f80 nmethod 17501 0x000001f7aef4c010 code [0x000001f7aef4c220, 0x000001f7aef4c870]
Event: 7897.991 Thread 0x000001f7c3e08f80 17502       3       java.lang.ProcessHandleImpl::isAlive (44 bytes)
Event: 7897.991 Thread 0x000001f7c3e08f80 nmethod 17502 0x000001f7aef4cb10 code [0x000001f7aef4ccc0, 0x000001f7aef4cf20]
Event: 7949.055 Thread 0x000001f7c3e08f80 17503       3       java.lang.ref.ReferenceQueue::await (15 bytes)
Event: 7949.056 Thread 0x000001f7c3e08f80 nmethod 17503 0x000001f7aef4d010 code [0x000001f7aef4d1c0, 0x000001f7aef4d368]
Event: 8047.759 Thread 0x000001f7c3e08f80 17504       3       java.util.concurrent.locks.AbstractQueuedSynchronizer$ConditionObject::await (202 bytes)
Event: 8047.760 Thread 0x000001f7c3e08f80 nmethod 17504 0x000001f7aef4d490 code [0x000001f7aef4d780, 0x000001f7aef4e5b0]
Event: 78743.190 Thread 0x000001f7c3e08f80 17505 % !   3       java.util.concurrent.ThreadPoolExecutor::runWorker @ 21 (187 bytes)
Event: 78743.194 Thread 0x000001f7c3e08f80 nmethod 17505% 0x000001f7aef4eb90 code [0x000001f7aef4eee0, 0x000001f7aef50528]
Event: 78743.197 Thread 0x000001f7c3e08f80 17506   !   3       java.util.concurrent.ThreadPoolExecutor::runWorker (187 bytes)
Event: 78743.199 Thread 0x000001f7c3e08f80 nmethod 17506 0x000001f7aef50e90 code [0x000001f7aef511e0, 0x000001f7aef525a0]
Event: 78743.335 Thread 0x000001f7c3df1810 17507       4       java.util.concurrent.ThreadPoolExecutor$Worker::tryRelease (12 bytes)
Event: 78743.343 Thread 0x000001f7c3df1810 nmethod 17507 0x000001f7b550e290 code [0x000001f7b550e420, 0x000001f7b550e518]
Event: 78766.422 Thread 0x000001f7c3e08f80 17508       3       org.eclipse.core.runtime.jobs.JobChangeAdapter::aboutToRun (1 bytes)
Event: 78766.422 Thread 0x000001f7c3e08f80 nmethod 17508 0x000001f7aef52e10 code [0x000001f7aef52fa0, 0x000001f7aef530a8]

GC Heap History (20 events):
Event: 50.281 GC heap before
{Heap before GC invocations=46 (full 0):
 garbage-first heap   total 679936K, used 581632K [0x0000000703800000, 0x0000000800000000)
  region size 2048K, 139 young (284672K), 21 survivors (43008K)
 Metaspace       used 73089K, committed 74624K, reserved 1179648K
  class space    used 7769K, committed 8384K, reserved 1048576K
}
Event: 50.313 GC heap after
{Heap after GC invocations=47 (full 0):
 garbage-first heap   total 679936K, used 369332K [0x0000000703800000, 0x0000000800000000)
  region size 2048K, 11 young (22528K), 11 survivors (22528K)
 Metaspace       used 73089K, committed 74624K, reserved 1179648K
  class space    used 7769K, committed 8384K, reserved 1048576K
}
Event: 51.463 GC heap before
{Heap before GC invocations=48 (full 0):
 garbage-first heap   total 679936K, used 582324K [0x0000000703800000, 0x0000000800000000)
  region size 2048K, 121 young (247808K), 11 survivors (22528K)
 Metaspace       used 73094K, committed 74624K, reserved 1179648K
  class space    used 7769K, committed 8384K, reserved 1048576K
}
Event: 51.469 GC heap after
{Heap after GC invocations=49 (full 0):
 garbage-first heap   total 679936K, used 349636K [0x0000000703800000, 0x0000000800000000)
  region size 2048K, 8 young (16384K), 8 survivors (16384K)
 Metaspace       used 73094K, committed 74624K, reserved 1179648K
  class space    used 7769K, committed 8384K, reserved 1048576K
}
Event: 52.538 GC heap before
{Heap before GC invocations=49 (full 0):
 garbage-first heap   total 679936K, used 597444K [0x0000000703800000, 0x0000000800000000)
  region size 2048K, 129 young (264192K), 8 survivors (16384K)
 Metaspace       used 73111K, committed 74624K, reserved 1179648K
  class space    used 7769K, committed 8384K, reserved 1048576K
}
Event: 52.547 GC heap after
{Heap after GC invocations=50 (full 0):
 garbage-first heap   total 679936K, used 291756K [0x0000000703800000, 0x0000000800000000)
  region size 2048K, 7 young (14336K), 7 survivors (14336K)
 Metaspace       used 73111K, committed 74624K, reserved 1179648K
  class space    used 7769K, committed 8384K, reserved 1048576K
}
Event: 53.456 GC heap before
{Heap before GC invocations=50 (full 0):
 garbage-first heap   total 679936K, used 588716K [0x0000000703800000, 0x0000000800000000)
  region size 2048K, 152 young (311296K), 7 survivors (14336K)
 Metaspace       used 73114K, committed 74624K, reserved 1179648K
  class space    used 7769K, committed 8384K, reserved 1048576K
}
Event: 53.488 GC heap after
{Heap after GC invocations=51 (full 0):
 garbage-first heap   total 679936K, used 284672K [0x0000000703800000, 0x0000000800000000)
  region size 2048K, 19 young (38912K), 19 survivors (38912K)
 Metaspace       used 73114K, committed 74624K, reserved 1179648K
  class space    used 7769K, committed 8384K, reserved 1048576K
}
Event: 54.650 GC heap before
{Heap before GC invocations=51 (full 0):
 garbage-first heap   total 679936K, used 587776K [0x0000000703800000, 0x0000000800000000)
  region size 2048K, 167 young (342016K), 19 survivors (38912K)
 Metaspace       used 73116K, committed 74624K, reserved 1179648K
  class space    used 7769K, committed 8384K, reserved 1048576K
}
Event: 54.663 GC heap after
{Heap after GC invocations=52 (full 0):
 garbage-first heap   total 897024K, used 273932K [0x0000000703800000, 0x0000000800000000)
  region size 2048K, 7 young (14336K), 7 survivors (14336K)
 Metaspace       used 73116K, committed 74624K, reserved 1179648K
  class space    used 7769K, committed 8384K, reserved 1048576K
}
Event: 56.671 GC heap before
{Heap before GC invocations=52 (full 0):
 garbage-first heap   total 897024K, used 751116K [0x0000000703800000, 0x0000000800000000)
  region size 2048K, 240 young (491520K), 7 survivors (14336K)
 Metaspace       used 73135K, committed 74624K, reserved 1179648K
  class space    used 7769K, committed 8384K, reserved 1048576K
}
Event: 56.673 GC heap after
{Heap after GC invocations=53 (full 0):
 garbage-first heap   total 897024K, used 263374K [0x0000000703800000, 0x0000000800000000)
  region size 2048K, 2 young (4096K), 2 survivors (4096K)
 Metaspace       used 73135K, committed 74624K, reserved 1179648K
  class space    used 7769K, committed 8384K, reserved 1048576K
}
Event: 59.468 GC heap before
{Heap before GC invocations=53 (full 0):
 garbage-first heap   total 897024K, used 795854K [0x0000000703800000, 0x0000000800000000)
  region size 2048K, 262 young (536576K), 2 survivors (4096K)
 Metaspace       used 73180K, committed 74624K, reserved 1179648K
  class space    used 7770K, committed 8384K, reserved 1048576K
}
Event: 59.472 GC heap after
{Heap after GC invocations=54 (full 0):
 garbage-first heap   total 897024K, used 264746K [0x0000000703800000, 0x0000000800000000)
  region size 2048K, 3 young (6144K), 3 survivors (6144K)
 Metaspace       used 73180K, committed 74624K, reserved 1179648K
  class space    used 7770K, committed 8384K, reserved 1048576K
}
Event: 250.587 GC heap before
{Heap before GC invocations=54 (full 0):
 garbage-first heap   total 897024K, used 817706K [0x0000000703800000, 0x0000000800000000)
  region size 2048K, 261 young (534528K), 3 survivors (6144K)
 Metaspace       used 84542K, committed 86336K, reserved 1179648K
  class space    used 9108K, committed 9856K, reserved 1048576K
}
Event: 250.609 GC heap after
{Heap after GC invocations=55 (full 0):
 garbage-first heap   total 897024K, used 290155K [0x0000000703800000, 0x0000000800000000)
  region size 2048K, 15 young (30720K), 15 survivors (30720K)
 Metaspace       used 84542K, committed 86336K, reserved 1179648K
  class space    used 9108K, committed 9856K, reserved 1048576K
}
Event: 250.797 GC heap before
{Heap before GC invocations=55 (full 0):
 garbage-first heap   total 897024K, used 372075K [0x0000000703800000, 0x0000000800000000)
  region size 2048K, 42 young (86016K), 15 survivors (30720K)
 Metaspace       used 84616K, committed 86464K, reserved 1179648K
  class space    used 9117K, committed 9920K, reserved 1048576K
}
Event: 250.810 GC heap after
{Heap after GC invocations=56 (full 0):
 garbage-first heap   total 897024K, used 292929K [0x0000000703800000, 0x0000000800000000)
  region size 2048K, 16 young (32768K), 16 survivors (32768K)
 Metaspace       used 84616K, committed 86464K, reserved 1179648K
  class space    used 9117K, committed 9920K, reserved 1048576K
}
Event: 251.114 GC heap before
{Heap before GC invocations=56 (full 0):
 garbage-first heap   total 897024K, used 383041K [0x0000000703800000, 0x0000000800000000)
  region size 2048K, 48 young (98304K), 16 survivors (32768K)
 Metaspace       used 84713K, committed 86464K, reserved 1179648K
  class space    used 9125K, committed 9920K, reserved 1048576K
}
Event: 251.127 GC heap after
{Heap after GC invocations=57 (full 0):
 garbage-first heap   total 897024K, used 291884K [0x0000000703800000, 0x0000000800000000)
  region size 2048K, 16 young (32768K), 16 survivors (32768K)
 Metaspace       used 84713K, committed 86464K, reserved 1179648K
  class space    used 9125K, committed 9920K, reserved 1048576K
}

Dll operation events (14 events):
Event: 0.019 Loaded shared library c:\Users\sediq\.vscode\extensions\redhat.java-1.54.0-win32-x64\jre\21.0.10-win32-x86_64\bin\java.dll
Event: 0.175 Loaded shared library c:\Users\sediq\.vscode\extensions\redhat.java-1.54.0-win32-x64\jre\21.0.10-win32-x86_64\bin\zip.dll
Event: 0.223 Loaded shared library C:\Users\sediq\.vscode\extensions\redhat.java-1.54.0-win32-x64\jre\21.0.10-win32-x86_64\bin\instrument.dll
Event: 0.234 Loaded shared library C:\Users\sediq\.vscode\extensions\redhat.java-1.54.0-win32-x64\jre\21.0.10-win32-x86_64\bin\net.dll
Event: 0.238 Loaded shared library C:\Users\sediq\.vscode\extensions\redhat.java-1.54.0-win32-x64\jre\21.0.10-win32-x86_64\bin\nio.dll
Event: 0.245 Loaded shared library C:\Users\sediq\.vscode\extensions\redhat.java-1.54.0-win32-x64\jre\21.0.10-win32-x86_64\bin\zip.dll
Event: 0.276 Loaded shared library C:\Users\sediq\.vscode\extensions\redhat.java-1.54.0-win32-x64\jre\21.0.10-win32-x86_64\bin\jimage.dll
Event: 0.419 Loaded shared library c:\Users\sediq\.vscode\extensions\redhat.java-1.54.0-win32-x64\jre\21.0.10-win32-x86_64\bin\verify.dll
Event: 14.814 Loaded shared library C:\Users\sediq\AppData\Roaming\Code\User\globalStorage\redhat.java\1.54.0\config_win\org.eclipse.equinox.launcher\org.eclipse.equinox.launcher.win32.win32.x86_64_1.3.0.v20260203-2149\eclipse_11919.dll
Event: 26.207 Loaded shared library C:\Users\sediq\.vscode\extensions\redhat.java-1.54.0-win32-x64\jre\21.0.10-win32-x86_64\bin\management.dll
Event: 26.245 Loaded shared library C:\Users\sediq\.vscode\extensions\redhat.java-1.54.0-win32-x64\jre\21.0.10-win32-x86_64\bin\management_ext.dll
Event: 27.747 Loaded shared library C:\Users\sediq\AppData\Local\Temp\jna-109313274\jna8034647173979886347.dll
Event: 28.176 Loaded shared library C:\Users\sediq\.vscode\extensions\redhat.java-1.54.0-win32-x64\jre\21.0.10-win32-x86_64\bin\sunmscapi.dll
Event: 28.509 Loaded shared library C:\Users\sediq\.vscode\extensions\redhat.java-1.54.0-win32-x64\jre\21.0.10-win32-x86_64\bin\extnet.dll

Deoptimization events (20 events):
Event: 6919.118 Thread 0x000001f8184d68a0 Uncommon trap: trap_request=0xffffffd6 fr.pc=0x000001f7b550a118 relative=0x00000000000005d8
Event: 6919.118 Thread 0x000001f8184d68a0 Uncommon trap: reason=array_check action=maybe_recompile pc=0x000001f7b550a118 method=java.util.concurrent.ScheduledThreadPoolExecutor$DelayedWorkQueue.offer(Ljava/lang/Runnable;)Z @ 65 c2
Event: 6919.118 Thread 0x000001f8184d68a0 DEOPT PACKING pc=0x000001f7b550a118 sp=0x000000cac21ff0f0
Event: 6919.118 Thread 0x000001f8184d68a0 DEOPT UNPACKING pc=0x000001f7b4284422 sp=0x000000cac21fefb0 mode 2
Event: 6920.117 Thread 0x000001f8184d68a0 Uncommon trap: trap_request=0xffffffd6 fr.pc=0x000001f7b550a118 relative=0x00000000000005d8
Event: 6920.118 Thread 0x000001f8184d68a0 Uncommon trap: reason=array_check action=maybe_recompile pc=0x000001f7b550a118 method=java.util.concurrent.ScheduledThreadPoolExecutor$DelayedWorkQueue.offer(Ljava/lang/Runnable;)Z @ 65 c2
Event: 6920.118 Thread 0x000001f8184d68a0 DEOPT PACKING pc=0x000001f7b550a118 sp=0x000000cac21ff0f0
Event: 6920.118 Thread 0x000001f8184d68a0 DEOPT UNPACKING pc=0x000001f7b4284422 sp=0x000000cac21fefb0 mode 2
Event: 6921.110 Thread 0x000001f8184d68a0 Uncommon trap: trap_request=0xffffffd6 fr.pc=0x000001f7b550a118 relative=0x00000000000005d8
Event: 6921.111 Thread 0x000001f8184d68a0 Uncommon trap: reason=array_check action=maybe_recompile pc=0x000001f7b550a118 method=java.util.concurrent.ScheduledThreadPoolExecutor$DelayedWorkQueue.offer(Ljava/lang/Runnable;)Z @ 65 c2
Event: 6921.111 Thread 0x000001f8184d68a0 DEOPT PACKING pc=0x000001f7b550a118 sp=0x000000cac21ff0f0
Event: 6921.111 Thread 0x000001f8184d68a0 DEOPT UNPACKING pc=0x000001f7b4284422 sp=0x000000cac21fefb0 mode 2
Event: 6922.112 Thread 0x000001f8184d68a0 Uncommon trap: trap_request=0xffffffd6 fr.pc=0x000001f7b550a118 relative=0x00000000000005d8
Event: 6922.112 Thread 0x000001f8184d68a0 Uncommon trap: reason=array_check action=maybe_recompile pc=0x000001f7b550a118 method=java.util.concurrent.ScheduledThreadPoolExecutor$DelayedWorkQueue.offer(Ljava/lang/Runnable;)Z @ 65 c2
Event: 6922.112 Thread 0x000001f8184d68a0 DEOPT PACKING pc=0x000001f7b550a118 sp=0x000000cac21ff0f0
Event: 6922.112 Thread 0x000001f8184d68a0 DEOPT UNPACKING pc=0x000001f7b4284422 sp=0x000000cac21fefb0 mode 2
Event: 6923.110 Thread 0x000001f8184d68a0 Uncommon trap: trap_request=0xffffffd6 fr.pc=0x000001f7b550b298 relative=0x00000000000005d8
Event: 6923.110 Thread 0x000001f8184d68a0 Uncommon trap: reason=array_check action=maybe_recompile pc=0x000001f7b550b298 method=java.util.concurrent.ScheduledThreadPoolExecutor$DelayedWorkQueue.offer(Ljava/lang/Runnable;)Z @ 65 c2
Event: 6923.110 Thread 0x000001f8184d68a0 DEOPT PACKING pc=0x000001f7b550b298 sp=0x000000cac21ff040
Event: 6923.110 Thread 0x000001f8184d68a0 DEOPT UNPACKING pc=0x000001f7b4284422 sp=0x000000cac21fefd0 mode 2

Classes loaded (20 events):
Event: 63.623 Loading class java/util/concurrent/CompletableFuture$UniRelay
Event: 63.623 Loading class java/util/concurrent/CompletableFuture$UniRelay done
Event: 64.119 Loading class java/util/concurrent/ScheduledThreadPoolExecutor$DelayedWorkQueue$Itr
Event: 64.119 Loading class java/util/concurrent/ScheduledThreadPoolExecutor$DelayedWorkQueue$Itr done
Event: 65.942 Loading class jdk/internal/reflect/MethodHandleByteFieldAccessorImpl
Event: 65.943 Loading class jdk/internal/reflect/MethodHandleByteFieldAccessorImpl done
Event: 155.643 Loading class org/xml/sax/SAXNotRecognizedException
Event: 155.643 Loading class org/xml/sax/SAXNotRecognizedException done
Event: 155.643 Loading class org/xml/sax/SAXNotSupportedException
Event: 155.643 Loading class org/xml/sax/SAXNotSupportedException done
Event: 155.644 Loading class com/sun/org/apache/xerces/internal/util/URI
Event: 155.645 Loading class com/sun/org/apache/xerces/internal/util/URI done
Event: 155.646 Loading class com/sun/org/apache/xerces/internal/xni/XNIException
Event: 155.646 Loading class com/sun/org/apache/xerces/internal/xni/XNIException done
Event: 155.649 Loading class com/sun/org/apache/xerces/internal/xni/parser/XMLParseException
Event: 155.649 Loading class com/sun/org/apache/xerces/internal/xni/parser/XMLParseException done
Event: 203.371 Loading class jdk/internal/ref/CleanerImpl$InnocuousThreadFactory
Event: 203.373 Loading class jdk/internal/ref/CleanerImpl$InnocuousThreadFactory done
Event: 2655.827 Loading class java/util/concurrent/CompletableFuture$AsyncRun
Event: 2655.827 Loading class java/util/concurrent/CompletableFuture$AsyncRun done

Classes unloaded (20 events):
Event: 28.176 Thread 0x000001f7c3dbb730 Unloading class 0x000001f7c51a4800 'java/lang/invoke/LambdaForm$MH+0x000001f7c51a4800'
Event: 28.176 Thread 0x000001f7c3dbb730 Unloading class 0x000001f7c51a4400 'java/lang/invoke/LambdaForm$MH+0x000001f7c51a4400'
Event: 28.176 Thread 0x000001f7c3dbb730 Unloading class 0x000001f7c51a4000 'java/lang/invoke/LambdaForm$MH+0x000001f7c51a4000'
Event: 28.176 Thread 0x000001f7c3dbb730 Unloading class 0x000001f7c51a3c00 'java/lang/invoke/LambdaForm$MH+0x000001f7c51a3c00'
Event: 28.176 Thread 0x000001f7c3dbb730 Unloading class 0x000001f7c51a3800 'java/lang/invoke/LambdaForm$BMH+0x000001f7c51a3800'
Event: 28.176 Thread 0x000001f7c3dbb730 Unloading class 0x000001f7c51a3400 'java/lang/invoke/LambdaForm$DMH+0x000001f7c51a3400'
Event: 28.176 Thread 0x000001f7c3dbb730 Unloading class 0x000001f7c51a2000 'java/lang/invoke/LambdaForm$DMH+0x000001f7c51a2000'
Event: 36.811 Thread 0x000001f7c3dbb730 Unloading class 0x000001f7c5645800 'java/lang/invoke/LambdaForm$DMH+0x000001f7c5645800'
Event: 36.811 Thread 0x000001f7c3dbb730 Unloading class 0x000001f7c5645400 'java/lang/invoke/LambdaForm$DMH+0x000001f7c5645400'
Event: 36.811 Thread 0x000001f7c3dbb730 Unloading class 0x000001f7c5645000 'java/lang/invoke/LambdaForm$DMH+0x000001f7c5645000'
Event: 36.811 Thread 0x000001f7c3dbb730 Unloading class 0x000001f7c5644c00 'java/lang/invoke/LambdaForm$DMH+0x000001f7c5644c00'
Event: 36.811 Thread 0x000001f7c3dbb730 Unloading class 0x000001f7c5329800 'java/lang/invoke/LambdaForm$MH+0x000001f7c5329800'
Event: 36.811 Thread 0x000001f7c3dbb730 Unloading class 0x000001f7c5328c00 'java/lang/invoke/LambdaForm$MH+0x000001f7c5328c00'
Event: 36.811 Thread 0x000001f7c3dbb730 Unloading class 0x000001f7c5328400 'java/lang/invoke/LambdaForm$MH+0x000001f7c5328400'
Event: 36.811 Thread 0x000001f7c3dbb730 Unloading class 0x000001f7c5327c00 'java/lang/invoke/LambdaForm$MH+0x000001f7c5327c00'
Event: 36.811 Thread 0x000001f7c3dbb730 Unloading class 0x000001f7c5327400 'java/lang/invoke/LambdaForm$DMH+0x000001f7c5327400'
Event: 36.811 Thread 0x000001f7c3dbb730 Unloading class 0x000001f7c5326c00 'java/lang/invoke/LambdaForm$MH+0x000001f7c5326c00'
Event: 43.373 Thread 0x000001f7c3dbb730 Unloading class 0x000001f7c5759000 'java/lang/invoke/LambdaForm$MH+0x000001f7c5759000'
Event: 43.373 Thread 0x000001f7c3dbb730 Unloading class 0x000001f7c5758800 'java/lang/invoke/LambdaForm$MH+0x000001f7c5758800'
Event: 43.373 Thread 0x000001f7c3dbb730 Unloading class 0x000001f7c5758400 'java/lang/invoke/LambdaForm$MH+0x000001f7c5758400'

Classes redefined (0 events):
No events

Internal exceptions (20 events):
Event: 251.086 Thread 0x000001f8184d3ab0 Exception <a 'sun/nio/fs/WindowsException'{0x0000000733ccd9f0}> (0x0000000733ccd9f0) 
thrown [s\src\hotspot\share\prims\jni.cpp, line 520]
Event: 251.086 Thread 0x000001f8184d3ab0 Exception <a 'sun/nio/fs/WindowsException'{0x0000000733cce2d0}> (0x0000000733cce2d0) 
thrown [s\src\hotspot\share\prims\jni.cpp, line 520]
Event: 251.101 Thread 0x000001f8184d3ab0 Exception <a 'sun/nio/fs/WindowsException'{0x0000000733ae2af0}> (0x0000000733ae2af0) 
thrown [s\src\hotspot\share\prims\jni.cpp, line 520]
Event: 251.102 Thread 0x000001f8184d3ab0 Exception <a 'sun/nio/fs/WindowsException'{0x0000000733ae33d0}> (0x0000000733ae33d0) 
thrown [s\src\hotspot\share\prims\jni.cpp, line 520]
Event: 251.149 Thread 0x000001f8184d3ab0 Exception <a 'sun/nio/fs/WindowsException'{0x00000007ff3d6908}> (0x00000007ff3d6908) 
thrown [s\src\hotspot\share\prims\jni.cpp, line 520]
Event: 251.150 Thread 0x000001f8184d3ab0 Exception <a 'sun/nio/fs/WindowsException'{0x00000007ff3d71e8}> (0x00000007ff3d71e8) 
thrown [s\src\hotspot\share\prims\jni.cpp, line 520]
Event: 251.169 Thread 0x000001f8184d3ab0 Exception <a 'sun/nio/fs/WindowsException'{0x00000007fee7b4d0}> (0x00000007fee7b4d0) 
thrown [s\src\hotspot\share\prims\jni.cpp, line 520]
Event: 251.169 Thread 0x000001f8184d3ab0 Exception <a 'sun/nio/fs/WindowsException'{0x00000007fee7bdb0}> (0x00000007fee7bdb0) 
thrown [s\src\hotspot\share\prims\jni.cpp, line 520]
Event: 251.182 Thread 0x000001f8184d3ab0 Exception <a 'sun/nio/fs/WindowsException'{0x00000007fed1cee8}> (0x00000007fed1cee8) 
thrown [s\src\hotspot\share\prims\jni.cpp, line 520]
Event: 251.182 Thread 0x000001f8184d3ab0 Exception <a 'sun/nio/fs/WindowsException'{0x00000007fed1d7c8}> (0x00000007fed1d7c8) 
thrown [s\src\hotspot\share\prims\jni.cpp, line 520]
Event: 251.251 Thread 0x000001f8184d3ab0 Exception <a 'sun/nio/fs/WindowsException'{0x00000007387d0d88}> (0x00000007387d0d88) 
thrown [s\src\hotspot\share\prims\jni.cpp, line 520]
Event: 251.251 Thread 0x000001f8184d3ab0 Exception <a 'sun/nio/fs/WindowsException'{0x00000007387d1668}> (0x00000007387d1668) 
thrown [s\src\hotspot\share\prims\jni.cpp, line 520]
Event: 341.887 Thread 0x000001f80d054d00 Exception <a 'sun/nio/fs/WindowsException'{0x0000000738377d00}> (0x0000000738377d00) 
thrown [s\src\hotspot\share\prims\jni.cpp, line 520]
Event: 341.887 Thread 0x000001f80d054d00 Exception <a 'sun/nio/fs/WindowsException'{0x0000000738378600}> (0x0000000738378600) 
thrown [s\src\hotspot\share\prims\jni.cpp, line 520]
Event: 402.630 Thread 0x000001f80d0525a0 Implicit null exception at 0x000001f7b525265b to 0x000001f7b5253008
Event: 402.635 Thread 0x000001f80d0525a0 Implicit null exception at 0x000001f7b52be9eb to 0x000001f7b52bf044
Event: 402.947 Thread 0x000001f80d0525a0 Exception <a 'sun/nio/fs/WindowsException'{0x0000000734657418}> (0x0000000734657418) 
thrown [s\src\hotspot\share\prims\jni.cpp, line 520]
Event: 976.289 Thread 0x000001f80d054d00 Exception <a 'sun/nio/fs/WindowsException'{0x000000072ea02da0}> (0x000000072ea02da0) 
thrown [s\src\hotspot\share\prims\jni.cpp, line 520]
Event: 976.289 Thread 0x000001f80d054d00 Exception <a 'sun/nio/fs/WindowsException'{0x000000072ea03680}> (0x000000072ea03680) 
thrown [s\src\hotspot\share\prims\jni.cpp, line 520]
Event: 2655.826 Thread 0x000001f8184d6f30 Exception <a 'java/lang/InterruptedException'{0x000000072ece58d8}> (0x000000072ece58d8) 
thrown [s\src\hotspot\share\runtime\objectMonitor.cpp, line 1445]

ZGC Phase Switch (0 events):
No events

VM Operations (20 events):
Event: 7958.802 Executing non-safepoint VM operation: HandshakeAllThreads (HandshakeForDeflation)
Event: 7958.802 Executing non-safepoint VM operation: HandshakeAllThreads (HandshakeForDeflation) done
Event: 7958.802 Executing non-safepoint VM operation: RendezvousGCThreads
Event: 7958.802 Executing non-safepoint VM operation: RendezvousGCThreads done
Event: 7979.912 Executing safepoint VM operation: Cleanup
Event: 7979.912 Executing safepoint VM operation: Cleanup done
Event: 8018.864 Executing non-safepoint VM operation: HandshakeAllThreads (HandshakeForDeflation)
Event: 8018.864 Executing non-safepoint VM operation: HandshakeAllThreads (HandshakeForDeflation) done
Event: 8018.864 Executing non-safepoint VM operation: RendezvousGCThreads
Event: 8018.864 Executing non-safepoint VM operation: RendezvousGCThreads done
Event: 8078.918 Executing non-safepoint VM operation: HandshakeAllThreads (HandshakeForDeflation)
Event: 8078.918 Executing non-safepoint VM operation: HandshakeAllThreads (HandshakeForDeflation) done
Event: 8078.918 Executing non-safepoint VM operation: RendezvousGCThreads
Event: 8078.918 Executing non-safepoint VM operation: RendezvousGCThreads done
Event: 78743.378 Executing safepoint VM operation: Cleanup
Event: 78743.394 Executing safepoint VM operation: Cleanup done
Event: 78802.094 Executing non-safepoint VM operation: HandshakeAllThreads (HandshakeForDeflation)
Event: 78802.094 Executing non-safepoint VM operation: HandshakeAllThreads (HandshakeForDeflation) done
Event: 78802.095 Executing non-safepoint VM operation: RendezvousGCThreads
Event: 78802.095 Executing non-safepoint VM operation: RendezvousGCThreads done

Memory protections (0 events):
No events

Nmethod flushes (20 events):
Event: 50.446 Thread 0x000001f7c3dbb730 flushing  nmethod 0x000001f7ace82890
Event: 50.446 Thread 0x000001f7c3dbb730 flushing  nmethod 0x000001f7acf2a690
Event: 50.446 Thread 0x000001f7c3dbb730 flushing  nmethod 0x000001f7acf9e110
Event: 50.446 Thread 0x000001f7c3dbb730 flushing  nmethod 0x000001f7ad97de10
Event: 50.446 Thread 0x000001f7c3dbb730 flushing  nmethod 0x000001f7ad982b90
Event: 50.446 Thread 0x000001f7c3dbb730 flushing  nmethod 0x000001f7ad983490
Event: 50.446 Thread 0x000001f7c3dbb730 flushing  nmethod 0x000001f7ada0db90
Event: 50.446 Thread 0x000001f7c3dbb730 flushing  nmethod 0x000001f7ada0ee10
Event: 50.446 Thread 0x000001f7c3dbb730 flushing  nmethod 0x000001f7ada0f190
Event: 50.446 Thread 0x000001f7c3dbb730 flushing  nmethod 0x000001f7ada99390
Event: 50.446 Thread 0x000001f7c3dbb730 flushing  nmethod 0x000001f7adb16790
Event: 50.446 Thread 0x000001f7c3dbb730 flushing  nmethod 0x000001f7adb87590
Event: 50.446 Thread 0x000001f7c3dbb730 flushing  nmethod 0x000001f7add01590
Event: 50.446 Thread 0x000001f7c3dbb730 flushing  nmethod 0x000001f7ade5d710
Event: 50.446 Thread 0x000001f7c3dbb730 flushing  nmethod 0x000001f7ade5e690
Event: 50.446 Thread 0x000001f7c3dbb730 flushing  nmethod 0x000001f7ade5eb90
Event: 50.447 Thread 0x000001f7c3dbb730 flushing  nmethod 0x000001f7ade5f290
Event: 50.447 Thread 0x000001f7c3dbb730 flushing  nmethod 0x000001f7adfba210
Event: 50.447 Thread 0x000001f7c3dbb730 flushing  nmethod 0x000001f7adfbc210
Event: 50.447 Thread 0x000001f7c3dbb730 flushing  nmethod 0x000001f7adfbd010

Events (20 events):
Event: 840.255 Thread 0x000001f80d0504d0 Thread exited: 0x000001f80d0504d0
Event: 900.258 Thread 0x000001f80d053950 Thread exited: 0x000001f80d053950
Event: 960.258 Thread 0x000001f80d0532c0 Thread exited: 0x000001f80d0532c0
Event: 976.284 Thread 0x000001f80d054d00 Thread added: 0x000001f80d052c30
Event: 976.289 Thread 0x000001f80d054d00 Thread added: 0x000001f80d0525a0
Event: 976.290 Thread 0x000001f80d0525a0 Thread exited: 0x000001f80d0525a0
Event: 976.293 Thread 0x000001f7c3e08f80 Thread added: 0x000001f80bc76590
Event: 976.293 Thread 0x000001f7c3e08f80 Thread added: 0x000001f80bc77330
Event: 976.298 Thread 0x000001f80d054d00 Thread added: 0x000001f80d0525a0
Event: 976.298 Thread 0x000001f80d0525a0 Thread exited: 0x000001f80d0525a0
Event: 981.532 Thread 0x000001f80bc77330 Thread exited: 0x000001f80bc77330
Event: 982.114 Thread 0x000001f80bc76590 Thread exited: 0x000001f80bc76590
Event: 1036.409 Thread 0x000001f80d052c30 Thread exited: 0x000001f80d052c30
Event: 2655.826 Thread 0x000001f8184d3420 Thread exited: 0x000001f8184d3420
Event: 2655.826 Thread 0x000001f8184d6f30 Thread exited: 0x000001f8184d6f30
Event: 2655.828 Thread 0x000001f8184d7c50 Thread added: 0x000001f80d0525a0
Event: 2655.828 Thread 0x000001f8184d7c50 Thread exited: 0x000001f8184d7c50
Event: 2655.852 Thread 0x000001f8184d6210 Thread exited: 0x000001f8184d6210
Event: 6702.515 Thread 0x000001f8184d2070 Thread exited: 0x000001f8184d2070
Event: 6732.499 Thread 0x000001f80d0525a0 Thread exited: 0x000001f80d0525a0


Dynamic libraries:
0x00007ff6739e0000 - 0x00007ff6739ee000 	c:\Users\sediq\.vscode\extensions\redhat.java-1.54.0-win32-x64\jre\21.0.10-win32-x86_64\bin\java.exe
0x00007ff86e360000 - 0x00007ff86e5c7000 	C:\Windows\SYSTEM32\ntdll.dll
0x00007ff86cdc0000 - 0x00007ff86ce89000 	C:\Windows\System32\KERNEL32.DLL
0x00007ff86b050000 - 0x00007ff86b447000 	C:\Windows\System32\KERNELBASE.dll
0x00007ff86ad90000 - 0x00007ff86aedb000 	C:\Windows\System32\ucrtbase.dll
0x00007ff8677a0000 - 0x00007ff8677b8000 	c:\Users\sediq\.vscode\extensions\redhat.java-1.54.0-win32-x64\jre\21.0.10-win32-x86_64\bin\jli.dll
0x00007ff8676f0000 - 0x00007ff86770e000 	c:\Users\sediq\.vscode\extensions\redhat.java-1.54.0-win32-x64\jre\21.0.10-win32-x86_64\bin\VCRUNTIME140.dll
0x00007ff86dda0000 - 0x00007ff86df66000 	C:\Windows\System32\USER32.dll
0x00007ff854dd0000 - 0x00007ff855062000 	C:\Windows\WinSxS\amd64_microsoft.windows.common-controls_6595b64144ccf1df_6.0.26100.8457_none_3e0b2faee331e92d\COMCTL32.dll
0x00007ff86af90000 - 0x00007ff86afb7000 	C:\Windows\System32\win32u.dll
0x00007ff86e270000 - 0x00007ff86e319000 	C:\Windows\System32\msvcrt.dll
0x00007ff86c260000 - 0x00007ff86c28b000 	C:\Windows\System32\GDI32.dll
0x00007ff86be30000 - 0x00007ff86bf5c000 	C:\Windows\System32\gdi32full.dll
0x00007ff86b450000 - 0x00007ff86b4f3000 	C:\Windows\System32\msvcp_win.dll
0x00007ff86db00000 - 0x00007ff86db32000 	C:\Windows\System32\IMM32.DLL
0x00007ff867680000 - 0x00007ff86768c000 	c:\Users\sediq\.vscode\extensions\redhat.java-1.54.0-win32-x64\jre\21.0.10-win32-x86_64\bin\vcruntime140_1.dll
0x00007ff836f10000 - 0x00007ff836f9d000 	c:\Users\sediq\.vscode\extensions\redhat.java-1.54.0-win32-x64\jre\21.0.10-win32-x86_64\bin\msvcp140.dll
0x00007fffa09e0000 - 0x00007fffa1781000 	c:\Users\sediq\.vscode\extensions\redhat.java-1.54.0-win32-x64\jre\21.0.10-win32-x86_64\bin\server\jvm.dll
0x00007ff86db40000 - 0x00007ff86dbf6000 	C:\Windows\System32\ADVAPI32.dll
0x00007ff86cc40000 - 0x00007ff86cce7000 	C:\Windows\System32\sechost.dll
0x00007ff86df70000 - 0x00007ff86e088000 	C:\Windows\System32\RPCRT4.dll
0x00007ff86c1d0000 - 0x00007ff86c250000 	C:\Windows\System32\WS2_32.dll
0x00007ff86aa40000 - 0x00007ff86aa9e000 	C:\Windows\SYSTEM32\POWRPROF.dll
0x00007ff868a80000 - 0x00007ff868ab6000 	C:\Windows\SYSTEM32\WINMM.dll
0x00007ff8627b0000 - 0x00007ff8627bb000 	C:\Windows\SYSTEM32\VERSION.dll
0x00007ff86aa20000 - 0x00007ff86aa34000 	C:\Windows\SYSTEM32\UMPDC.dll
0x00007ff869ae0000 - 0x00007ff869afb000 	C:\Windows\SYSTEM32\kernel.appcore.dll
0x00007ff867670000 - 0x00007ff86767a000 	c:\Users\sediq\.vscode\extensions\redhat.java-1.54.0-win32-x64\jre\21.0.10-win32-x86_64\bin\jimage.dll
0x00007ff868f80000 - 0x00007ff8691c2000 	C:\Windows\SYSTEM32\DBGHELP.DLL
0x00007ff86c3a0000 - 0x00007ff86c723000 	C:\Windows\System32\combase.dll
0x00007ff86c0e0000 - 0x00007ff86c1b9000 	C:\Windows\System32\OLEAUT32.dll
0x00007ff8550d0000 - 0x00007ff85510b000 	C:\Windows\SYSTEM32\dbgcore.DLL
0x00007ff86aee0000 - 0x00007ff86af88000 	C:\Windows\System32\bcryptPrimitives.dll
0x00007ff867470000 - 0x00007ff86747f000 	c:\Users\sediq\.vscode\extensions\redhat.java-1.54.0-win32-x64\jre\21.0.10-win32-x86_64\bin\instrument.dll
0x00007ff867110000 - 0x00007ff867130000 	c:\Users\sediq\.vscode\extensions\redhat.java-1.54.0-win32-x64\jre\21.0.10-win32-x86_64\bin\java.dll
0x00007ff86d180000 - 0x00007ff86d8ee000 	C:\Windows\System32\SHELL32.dll
0x00007ff86b5c0000 - 0x00007ff86be2c000 	C:\Windows\System32\windows.storage.dll
0x00007ff86da00000 - 0x00007ff86daf6000 	C:\Windows\System32\SHCORE.dll
0x00007ff86ccf0000 - 0x00007ff86cd56000 	C:\Windows\System32\shlwapi.dll
0x00007ff86acb0000 - 0x00007ff86acd9000 	C:\Windows\SYSTEM32\profapi.dll
0x00007ff866b30000 - 0x00007ff866b48000 	c:\Users\sediq\.vscode\extensions\redhat.java-1.54.0-win32-x64\jre\21.0.10-win32-x86_64\bin\zip.dll
0x00007ff867330000 - 0x00007ff867340000 	C:\Users\sediq\.vscode\extensions\redhat.java-1.54.0-win32-x64\jre\21.0.10-win32-x86_64\bin\net.dll
0x00007ff8684d0000 - 0x00007ff8685f9000 	C:\Windows\SYSTEM32\WINHTTP.dll
0x00007ff86a030000 - 0x00007ff86a09c000 	C:\Windows\system32\mswsock.dll
0x00007ff8667b0000 - 0x00007ff8667c6000 	C:\Users\sediq\.vscode\extensions\redhat.java-1.54.0-win32-x64\jre\21.0.10-win32-x86_64\bin\nio.dll
0x00007ff8672d0000 - 0x00007ff8672e0000 	c:\Users\sediq\.vscode\extensions\redhat.java-1.54.0-win32-x64\jre\21.0.10-win32-x86_64\bin\verify.dll
0x00007ff867820000 - 0x00007ff867865000 	C:\Users\sediq\AppData\Roaming\Code\User\globalStorage\redhat.java\1.54.0\config_win\org.eclipse.equinox.launcher\org.eclipse.equinox.launcher.win32.win32.x86_64_1.3.0.v20260203-2149\eclipse_11919.dll
0x00007ff86dc00000 - 0x00007ff86dd97000 	C:\Windows\System32\ole32.dll
0x00007ff867a40000 - 0x00007ff867a4a000 	C:\Users\sediq\.vscode\extensions\redhat.java-1.54.0-win32-x64\jre\21.0.10-win32-x86_64\bin\management.dll
0x00007ff867960000 - 0x00007ff86796c000 	C:\Users\sediq\.vscode\extensions\redhat.java-1.54.0-win32-x64\jre\21.0.10-win32-x86_64\bin\management_ext.dll
0x00007ff86d170000 - 0x00007ff86d178000 	C:\Windows\System32\PSAPI.DLL
0x00007ff86a430000 - 0x00007ff86a44b000 	C:\Windows\SYSTEM32\CRYPTSP.dll
0x00007ff869a40000 - 0x00007ff869a79000 	C:\Windows\system32\rsaenh.dll
0x00007ff86a0e0000 - 0x00007ff86a113000 	C:\Windows\SYSTEM32\USERENV.dll
0x00007ff86ac80000 - 0x00007ff86acaa000 	C:\Windows\SYSTEM32\bcrypt.dll
0x00007ff86a290000 - 0x00007ff86a29c000 	C:\Windows\SYSTEM32\CRYPTBASE.dll
0x00007ff8692f0000 - 0x00007ff869322000 	C:\Windows\SYSTEM32\IPHLPAPI.DLL
0x00007ff86c1c0000 - 0x00007ff86c1ca000 	C:\Windows\System32\NSI.dll
0x00007ff8662f0000 - 0x00007ff866339000 	C:\Users\sediq\AppData\Local\Temp\jna-109313274\jna8034647173979886347.dll
0x00007ff862750000 - 0x00007ff86276d000 	C:\Windows\SYSTEM32\dhcpcsvc6.DLL
0x00007ff861be0000 - 0x00007ff861c05000 	C:\Windows\SYSTEM32\dhcpcsvc.DLL
0x00007ff8677d0000 - 0x00007ff8677de000 	C:\Users\sediq\.vscode\extensions\redhat.java-1.54.0-win32-x64\jre\21.0.10-win32-x86_64\bin\sunmscapi.dll
0x00007ff86bf60000 - 0x00007ff86c0d8000 	C:\Windows\System32\CRYPT32.dll
0x00007ff86a590000 - 0x00007ff86a5c0000 	C:\Windows\SYSTEM32\ncrypt.dll
0x00007ff86a540000 - 0x00007ff86a57f000 	C:\Windows\SYSTEM32\NTASN1.dll
0x00007ff8694b0000 - 0x00007ff8695e2000 	C:\Windows\SYSTEM32\DNSAPI.dll
0x00007ff862740000 - 0x00007ff86274b000 	C:\Windows\System32\rasadhlp.dll
0x00007ff863280000 - 0x00007ff863306000 	C:\Windows\System32\fwpuclnt.dll
0x00007ff867740000 - 0x00007ff867749000 	C:\Users\sediq\.vscode\extensions\redhat.java-1.54.0-win32-x64\jre\21.0.10-win32-x86_64\bin\extnet.dll
0x00007ff869c00000 - 0x00007ff869c36000 	C:\Windows\SYSTEM32\ntmarta.dll

JVMTI agents:
c:\Users\sediq\.vscode\extensions\redhat.java-1.54.0-win32-x64\lombok\lombok-1.18.39-4050.jar path:c:\Users\sediq\.vscode\extensions\redhat.java-1.54.0-win32-x64\jre\21.0.10-win32-x86_64\bin\instrument.dll, loaded, initialized, instrumentlib options:none

dbghelp: loaded successfully - version: 4.0.5 - missing functions: none
symbol engine: initialized successfully - sym options: 0x614 - pdb path: .;c:\Users\sediq\.vscode\extensions\redhat.java-1.54.0-win32-x64\jre\21.0.10-win32-x86_64\bin;C:\Windows\SYSTEM32;C:\Windows\WinSxS\amd64_microsoft.windows.common-controls_6595b64144ccf1df_6.0.26100.8457_none_3e0b2faee331e92d;c:\Users\sediq\.vscode\extensions\redhat.java-1.54.0-win32-x64\jre\21.0.10-win32-x86_64\bin\server;C:\Users\sediq\AppData\Roaming\Code\User\globalStorage\redhat.java\1.54.0\config_win\org.eclipse.equinox.launcher\org.eclipse.equinox.launcher.win32.win32.x86_64_1.3.0.v20260203-2149;C:\Users\sediq\AppData\Local\Temp\jna-109313274

VM Arguments:
jvm_args: --add-modules=ALL-SYSTEM --add-opens=java.base/java.util=ALL-UNNAMED --add-opens=java.base/java.lang=ALL-UNNAMED --add-opens=java.base/sun.nio.fs=ALL-UNNAMED -Declipse.application=org.eclipse.jdt.ls.core.id1 -Dosgi.bundles.defaultStartLevel=4 -Declipse.product=org.eclipse.jdt.ls.core.product -Djava.import.generatesMetadataFilesAtProjectRoot=false -DDetectVMInstallationsJob.disabled=true -Dfile.encoding=utf8 -Xlog:disable -javaagent:c:\Users\sediq\.vscode\extensions\redhat.java-1.54.0-win32-x64\lombok\lombok-1.18.39-4050.jar -XX:+HeapDumpOnOutOfMemoryError -XX:HeapDumpPath=c:\Users\sediq\AppData\Roaming\Code\User\workspaceStorage\4a1410d75520b168f98344a0295b6722\redhat.java -Daether.dependencyCollector.impl=bf 
java_command: c:\Users\sediq\.vscode\extensions\redhat.java-1.54.0-win32-x64\server\plugins\org.eclipse.equinox.launcher_1.7.100.v20251111-0406.jar -configuration c:\Users\sediq\AppData\Roaming\Code\User\globalStorage\redhat.java\1.54.0\config_win -data c:\Users\sediq\AppData\Roaming\Code\User\workspaceStorage\4a1410d75520b168f98344a0295b6722\redhat.java\jdt_ws --pipe=\\.\pipe\lsp-c15586f69bd9c9f0462fa2b2987c1074-sock
java_class_path (initial): c:\Users\sediq\.vscode\extensions\redhat.java-1.54.0-win32-x64\server\plugins\org.eclipse.equinox.launcher_1.7.100.v20251111-0406.jar
Launcher Type: SUN_STANDARD

[Global flags]
     intx CICompilerCount                          = 4                                         {product} {ergonomic}
     uint ConcGCThreads                            = 3                                         {product} {ergonomic}
     uint G1ConcRefinementThreads                  = 10                                        {product} {ergonomic}
   size_t G1HeapRegionSize                         = 2097152                                   {product} {ergonomic}
    uintx GCDrainStackTargetSize                   = 64                                        {product} {ergonomic}
     bool HeapDumpOnOutOfMemoryError               = true                                   {manageable} {command line}
    ccstr HeapDumpPath                             = c:\Users\sediq\AppData\Roaming\Code\User\workspaceStorage\4a1410d75520b168f98344a0295b6722\redhat.java         {manageable} {command line}
   size_t InitialHeapSize                          = 266338304                                 {product} {ergonomic}
   size_t MarkStackSize                            = 4194304                                   {product} {ergonomic}
   size_t MaxHeapSize                              = 4236247040                                {product} {ergonomic}
   size_t MaxNewSize                               = 2541748224                                {product} {ergonomic}
   size_t MinHeapDeltaBytes                        = 2097152                                   {product} {ergonomic}
   size_t MinHeapSize                              = 8388608                                   {product} {ergonomic}
    uintx NonNMethodCodeHeapSize                   = 5839372                                {pd product} {ergonomic}
    uintx NonProfiledCodeHeapSize                  = 122909434                              {pd product} {ergonomic}
    uintx ProfiledCodeHeapSize                     = 122909434                              {pd product} {ergonomic}
    uintx ReservedCodeCacheSize                    = 251658240                              {pd product} {ergonomic}
     bool SegmentedCodeCache                       = true                                      {product} {ergonomic}
   size_t SoftMaxHeapSize                          = 4236247040                             {manageable} {ergonomic}
     bool UseCompressedOops                        = true                           {product lp64_product} {ergonomic}
     bool UseG1GC                                  = true                                      {product} {ergonomic}
     bool UseLargePagesIndividualAllocation        = false                                  {pd product} {ergonomic}

Logging:
Log output configuration:
 #0: stdout all=off uptime,level,tags foldmultilines=false
 #1: stderr all=off uptime,level,tags foldmultilines=false

Release file:
JAVA_VERSION="21.0.10" 
MODULES="java.base java.compiler java.datatransfer java.xml java.prefs java.desktop java.instrument java.logging java.management java.security.sasl java.naming java.rmi java.management.rmi java.net.http java.scripting java.security.jgss java.transaction.xa java.sql java.sql.rowset java.xml.crypto java.se java.smartcardio jdk.accessibility jdk.internal.jvmstat jdk.attach jdk.charsets jdk.internal.opt jdk.zipfs jdk.compiler jdk.crypto.ec jdk.crypto.cryptoki jdk.crypto.mscapi jdk.dynalink jdk.internal.ed jdk.editpad jdk.hotspot.agent jdk.httpserver jdk.internal.le jdk.internal.vm.ci jdk.internal.vm.compiler jdk.internal.vm.compiler.management jdk.jartool jdk.javadoc jdk.jcmd jdk.management jdk.management.agent jdk.jconsole jdk.jdeps jdk.jdwp.agent jdk.jdi jdk.jfr jdk.jshell jdk.jsobject jdk.jstatd jdk.localedata jdk.management.jfr jdk.naming.dns jdk.naming.rmi jdk.net jdk.nio.mapmode jdk.random jdk.sctp jdk.security.auth jdk.security.jgss jdk.unsupported jdk.unsupported.desktop jdk.xml.dom" 

Environment Variables:
PATH=C:\Program Files\Common Files\Oracle\Java\javapath;C:\Windows\system32;C:\Windows;C:\Windows\System32\Wbem;C:\Windows\System32\WindowsPowerShell\v1.0\;C:\Windows\System32\OpenSSH\;C:\Program Files\dotnet\;C:\Program Files (x86)\NVIDIA Corporation\PhysX\Common;C:\php;C:\Users\sediq\AppData\Roaming\nvm;C:\Program Files\nodejs;C:\Program Files\nodejs\;C:\Program Files\Git\cmd;C:\Program Files\WireGuard\;C:\Program Files\Docker\Docker\resources\bin;D:\softs\installed\mongosh-2.5.1-win32-x64\bin;C:\Program Files (x86)\Dev-Cpp\MinGW64\bin;C:\Users\sediq\AppData\Local\Programs\Python\Launcher\;C:\Users\sediq\AppData\Local\Microsoft\WindowsApps;C:\Users\sediq\AppData\Local\Programs\Microsoft VS Code\bin;C:\Users\sediq\composer;C:\Users\sediq\AppData\Roaming\Composer\vendor\bin;C:\Users\sediq\AppData\Roaming\nvm;C:\Program Files\nodejs;C:\Users\sediq\AppData\Roaming\npm;C:\mingw64\bin;C:\Users\sediq\AppData\Local\GitHubDesktop\bin
USERNAME=sediq
OS=Windows_NT
PROCESSOR_IDENTIFIER=Intel64 Family 6 Model 158 Stepping 10, GenuineIntel
TMP=C:\Users\sediq\AppData\Local\Temp
TEMP=C:\Users\sediq\AppData\Local\Temp




Periodic native trim disabled

---------------  S Y S T E M  ---------------

OS:
 Windows 11 , 64 bit Build 26100 (10.0.26100.8328)
OS uptime: 15 days 20:59 hours
Hyper-V role detected

CPU: total 12 (initial active 12) (6 cores per cpu, 2 threads per core) family 6 model 158 stepping 10 microcode 0xf4, cx8, cmov, fxsr, ht, mmx, 3dnowpref, sse, sse2, sse3, ssse3, sse4.1, sse4.2, popcnt, lzcnt, tsc, tscinvbit, avx, avx2, aes, erms, clmul, bmi1, bmi2, rtm, adx, fma, vzeroupper, clflush, clflushopt, hv, rdtscp, f16c
Processor Information for the first 12 processors :
  Max Mhz: 2712, Current Mhz: 2712, Mhz Limit: 2712

Memory: 4k page, system-wide physical 16154M (930M free)
TotalPageFile size 32746M (AvailPageFile size 8M)
current process WorkingSet (physical memory assigned to process): 50M, peak: 1322M
current process commit charge ("private bytes"): 1195M, peak: 1232M

vm_info: OpenJDK 64-Bit Server VM (21.0.10+7-LTS) for windows-amd64 JRE (21.0.10+7-LTS), built on 2026-01-20T00:00:00Z by "admin" with MS VC++ 17.12 (VS2022)

END.
